a,b,c,d,e,f,g,h,i,j,k,l,m,n,o,p,q,r,s,t,u,v,w,x,y,z,1,2
0.0,0.0,4873.85,2923.55,7603.049999999999,1340.0,277.2,0.0,1847.6,9391.4,10.55,3.3,0.0,13.600000000000001,6.5,0.3,0.0,7.9,22.1,0.3,0.1,0.0,0.4,0.2,0.0,0.0,0.3,0.7
0.0,3843751.7,21460.0,12457.7,33917.7,1594.6,1426.5,0.0,3021.1,36938.8,46.5,15.8,2.1,64.3,7.6,2.9,0.0,10.5,74.8,1.3,0.2,0.5,2.1,0.1,0.1,0.0,0.2,2.3
0.0,0.0,48854.1,35144.7,83998.8,3755.5,4316.0,0.0,8071.4,92070.3,105.7,44.6,0.0,150.3,16.4,0.4,0.0,16.8,167.2,3.1,2.2,0.0,5.3,0.9,0.0,0.0,0.9,6.2
0.0,0.0,690.8,137.2,827.9,277.6,68.5,0.0,346.1,1174.0,1.5,0.2,0.0,1.7,6.5,0.3,0.0,7.9,22.1,0.0,0.0,0.0,0.0,0.2,0.0,0.0,0.3,0.7
0.0,0.0,849.9,568.0,1418.0,1091.0,119.9,0.0,1210.9,2628.8,1.8,0.5,0.0,2.4,5.6,0.1,0.0,5.7,8.1,0.1,0.0,0.0,0.1,0.2,0.0,0.0,0.2,0.2
0.0,0.0,3056.1,1741.3,4797.4,1303.3,86.4,0.0,1389.7,6187.1,6.6,1.7,0.0,8.3,6.2,0.0,0.0,6.2,14.5,0.2,0.0,0.0,0.2,0.3,0.0,0.0,0.3,0.5
0.0,0.0,1404.0,528.4,1932.4,0.0,1750.0,0.0,1750.0,3682.4,3.0,0.7,0.0,3.7,0.0,7.2,0.0,7.2,10.9,0.1,0.0,0.0,0.1,0.0,0.3,0.0,0.3,0.4
0.0,0.0,1654.2,1231.1,2885.3,834.0,66.2,0.0,900.1,3785.5,3.6,1.6,0.0,5.1,6.5,0.3,0.0,7.9,22.1,0.1,0.0,0.0,0.1,0.2,0.0,0.0,0.3,0.7
0.0,0.0,1088.4,1483.9,2572.3,786.6,140.1,0.0,926.7,3499.1,2.4,1.3,0.0,3.7,6.5,0.3,0.0,7.9,22.1,0.1,0.0,0.0,0.1,0.2,0.0,0.0,0.3,0.7
5411.0,0.0,1559.6,1353.8,2913.4,702.9,598.8,0.0,1301.7,4215.1,3.4,1.2,0.0,4.6,3.1,3.3,0.0,6.5,11.1,0.1,0.0,0.0,0.1,0.1,0.1,0.0,0.2,0.3
0.0,0.0,1206.5,764.8,1971.3,698.6,95.3,0.0,793.9,2765.2,2.6,1.0,0.0,3.6,3.3,0.0,0.0,3.3,6.9,0.1,0.0,0.0,0.1,0.1,0.0,0.0,0.1,0.2
5411.0,0.0,60363.7,42953.2,103316.9,9449.5,7241.1,0.0,16690.6,120007.5,130.7,52.7,0.0,183.4,34.6,11.1,0.0,45.8,229.2,3.8,2.3,0.0,6.1,1.6,0.4,0.0,2.0,8.2
0.0,0.0,39011.4,21338.1,60349.5,0.0,0.0,5829.2,5829.2,66178.7,84.4,26.8,0.0,111.3,0.0,0.0,33.7,33.7,145.0,2.5,0.4,0.0,2.9,0.0,0.0,1.5,1.5,4.3
0.0,1610389.0,47680.5,33397.2,81077.8,6950.9,3390.0,302.5,10643.5,91721.3,103.2,32.4,0.9,136.4,6.5,0.3,0.0,7.9,22.1,3.0,3.0,0.2,6.2,0.2,0.0,0.0,0.3,0.7
0.0,0.0,1819.3,537.1,2356.4,456.3,65.6,0.0,521.9,2878.4,3.9,0.5,0.0,4.4,1.8,0.1,0.0,1.8,6.2,0.1,0.0,0.0,0.1,0.1,0.0,0.0,0.1,0.2
0.0,0.0,1098.3,631.9,1730.1,2333.1,129.4,0.0,2462.5,4192.6,2.5,0.8,0.0,3.3,9.6,0.1,0.0,9.7,13.0,0.1,0.0,0.0,0.1,0.3,0.0,0.0,0.3,0.4
0.0,0.0,527.0,358.0,885.1,446.6,96.4,0.0,543.0,1428.1,1.1,0.3,0.0,1.5,3.6,0.1,0.0,3.7,5.2,0.0,0.0,0.0,0.0,0.1,0.0,0.0,0.1,0.1
0.0,0.0,1223.6,1476.3,2699.9,751.1,353.8,0.0,1104.9,3804.8,2.6,1.9,0.0,4.5,3.7,1.1,0.0,4.8,9.3,0.1,0.0,0.0,0.1,0.1,0.1,0.0,0.2,0.3
0.0,0.0,787.6,785.3,1572.9,578.6,69.4,0.0,648.1,2221.0,1.7,0.7,0.0,2.4,3.1,0.0,0.0,3.1,5.5,0.0,0.0,0.0,0.1,0.1,0.0,0.0,0.1,0.1
0.0,0.0,1848.2,1329.3,3177.6,916.4,184.2,0.0,1100.6,4278.2,4.0,1.2,0.0,5.2,5.0,0.3,0.0,5.3,10.5,0.1,0.0,0.0,0.1,0.2,0.0,0.0,0.2,0.3
0.0,0.0,591.8,471.9,1063.7,334.8,40.9,0.0,375.6,1439.4,1.3,0.4,0.0,1.7,2.1,0.1,0.0,2.2,3.9,0.0,0.0,0.0,0.0,0.1,0.0,0.0,0.1,0.1
0.0,1610389.0,55576.3,38987.2,94563.5,12767.9,4329.8,302.5,17400.2,111963.7,120.4,38.2,0.9,159.4,28.8,1.8,0.0,30.5,190.0,3.5,3.1,0.2,6.8,0.9,0.1,0.0,0.9,7.8
0.0,0.0,40518.8,32984.3,73503.0,3700.5,3666.6,0.0,7367.1,80870.2,87.7,27.1,0.0,114.8,7.6,2.8,0.0,10.4,125.2,2.5,1.0,0.0,3.5,0.2,0.1,0.0,0.3,3.9
0.0,77814.0,1652.3,1586.1,3238.5,466.0,38.1,0.0,504.1,3742.6,3.6,1.3,0.0,4.9,2.4,0.1,0.0,2.4,7.3,0.1,0.1,0.0,0.2,0.1,0.0,0.0,0.1,0.2
0.0,0.0,2445.1,1355.1,3800.2,1927.1,485.4,0.0,2412.5,6212.7,5.3,1.2,0.0,6.5,9.6,0.2,0.0,9.8,16.3,0.2,0.0,0.0,0.2,0.3,0.0,0.0,0.3,0.5
0.0,0.0,3124.0,1312.9,4436.8,1123.1,63.7,0.0,1186.8,5623.7,6.8,1.2,0.0,7.9,9.5,0.1,0.0,9.6,17.6,0.2,0.0,0.0,0.2,0.3,0.0,0.0,0.3,0.5
0.0,0.0,1302.0,1123.2,2425.2,542.8,325.7,0.0,868.5,3293.6,2.8,1.0,0.0,3.8,3.3,0.4,0.0,3.7,7.5,0.1,0.0,0.0,0.1,0.1,0.0,0.0,0.1,0.2
0.0,51700.0,1813.0,669.0,2482.0,554.6,156.2,0.0,710.9,3192.9,3.9,0.6,0.0,4.6,2.6,0.1,0.0,2.7,7.2,0.1,0.0,0.0,0.1,0.1,0.0,0.0,0.1,0.3
0.0,0.0,3747.3,2604.7,6352.0,1860.0,213.2,0.0,2073.2,8425.2,8.1,2.1,0.0,10.2,8.1,0.2,0.0,8.3,18.5,0.2,0.1,0.0,0.3,0.3,0.0,0.0,0.3,0.6
0.0,0.0,885.1,445.4,1330.5,530.2,105.8,0.0,636.0,1966.4,1.9,0.4,0.0,2.3,2.2,0.1,0.0,2.3,4.6,0.1,0.0,0.0,0.1,0.1,0.0,0.0,0.1,0.1
0.0,129514.0,55487.6,42080.6,97568.3,10704.4,5054.7,0.0,15759.1,113327.4,120.1,34.8,0.1,155.0,45.2,4.0,0.0,49.1,204.1,3.5,1.2,0.0,4.7,1.4,0.1,0.0,1.5,6.2
0.0,0.0,35659.7,23445.8,59105.5,1081.9,2394.8,0.0,3476.7,62582.2,77.2,20.9,0.0,98.1,6.5,0.3,0.0,7.9,22.1,2.2,0.4,0.0,2.6,0.2,0.0,0.0,0.3,0.7
0.0,0.0,2140.2,4392.3,6532.5,683.8,68.4,0.0,752.3,7284.7,4.6,5.6,0.0,10.2,6.5,0.3,0.0,7.9,22.1,0.1,0.1,0.0,0.2,0.2,0.0,0.0,0.3,0.7
0.0,0.0,1049.3,651.6,1701.0,983.6,135.5,0.0,1119.1,2820.0,2.3,0.8,0.0,3.1,4.6,0.3,0.0,4.9,8.0,0.1,0.0,0.0,0.1,0.1,0.0,0.0,0.1,0.2
0.0,0.0,414.8,155.2,570.0,35.7,0.1,0.0,35.8,605.8,0.9,0.2,0.0,1.1,6.5,0.3,0.0,7.9,22.1,0.0,0.0,0.0,0.0,0.2,0.0,0.0,0.3,0.7
0.0,0.0,852.1,536.4,1388.5,760.7,53.3,0.0,813.9,2202.4,1.8,0.7,0.0,2.5,3.9,0.0,0.0,4.0,6.5,0.1,0.0,0.0,0.1,0.1,0.0,0.0,0.1,0.2
0.0,0.0,6736.9,2870.4,9607.3,1583.8,176.8,0.0,1760.5,11367.8,14.6,3.6,0.0,18.2,6.5,0.3,0.0,7.9,22.1,0.4,0.1,0.0,0.5,0.2,0.0,0.0,0.3,0.7
0.0,0.0,1380.3,501.7,1882.0,1587.7,78.6,0.0,1666.3,3548.3,3.0,0.6,0.0,3.6,8.9,0.1,0.0,8.9,12.6,0.1,0.0,0.0,0.1,0.2,0.0,0.0,0.2,0.3
0.0,0.0,1022.2,776.1,1798.2,580.9,56.3,0.0,637.2,2435.5,2.2,1.0,0.0,3.2,6.5,0.3,0.0,7.9,22.1,0.1,0.0,0.0,0.1,0.2,0.0,0.0,0.3,0.7
0.0,0.0,49255.5,33329.5,82585.0,7298.0,2963.8,0.0,10261.8,92846.8,106.6,33.4,0.0,140.0,17.4,0.4,0.0,17.8,157.9,3.1,0.6,0.0,3.7,0.4,0.0,0.0,0.4,4.1
0.0,0.0,34177.7,21148.3,55326.0,6071.8,993.7,0.0,7065.4,62391.4,74.0,18.9,0.0,92.9,27.2,1.0,0.0,28.3,121.1,2.1,0.4,0.0,2.5,0.8,0.0,0.0,0.9,3.4
0.0,11259788.9,66437.7,40428.3,106866.0,5575.1,3523.8,0.0,9098.9,115964.9,143.8,52.1,6.1,202.0,31.1,2.6,0.0,33.7,235.7,4.2,6.7,1.5,12.3,1.7,0.1,0.0,1.8,14.1
0.0,0.0,2555.7,1125.1,3680.8,2265.2,130.0,0.0,2395.2,6076.0,5.5,1.0,0.0,6.5,12.0,0.1,0.0,12.1,18.6,0.2,0.0,0.0,0.2,0.3,0.0,0.0,0.3,0.5
0.0,0.0,721.6,645.7,1367.2,868.2,80.1,0.0,948.3,2315.6,1.6,0.6,0.0,2.1,4.6,0.1,0.0,4.8,6.9,0.0,0.0,0.0,0.1,0.1,0.0,0.0,0.1,0.2
0.0,0.0,1257.5,1176.2,2433.7,1129.5,118.3,0.0,1247.8,3681.4,2.7,2.2,0.0,4.9,3.8,0.2,0.0,4.0,8.9,0.1,0.2,0.0,0.3,0.3,0.0,0.0,0.3,0.6
0.0,0.0,1512.4,2649.7,4162.1,571.0,70.8,0.0,641.8,4803.9,3.3,2.1,0.0,5.4,3.0,0.1,0.0,3.1,8.5,0.1,0.1,0.0,0.2,0.1,0.0,0.0,0.1,0.3
0.0,114506.0,3599.7,2947.5,6547.2,1441.8,114.1,4.6,1560.5,8107.7,7.8,4.3,0.1,12.1,5.6,0.0,0.0,5.6,17.7,0.2,1.5,0.0,1.8,0.2,0.0,0.0,0.2,2.0
0.0,0.0,2405.9,2160.0,4565.9,1244.2,176.8,0.0,1421.0,5986.9,5.2,2.7,0.0,7.9,6.5,0.3,0.0,7.9,22.1,0.2,0.0,0.0,0.2,0.2,0.0,0.0,0.3,0.7
0.0,737148.8,1915.6,1834.5,3750.1,913.2,77.2,0.0,990.4,4740.5,4.1,1.4,0.4,6.0,5.2,0.0,0.0,5.2,11.2,0.1,0.0,0.1,0.2,0.1,0.0,0.0,0.1,0.4
0.0,12111443.7,80406.0,52967.0,133373.0,14008.2,4291.1,4.6,18304.0,151677.0,174.1,66.4,6.5,247.0,65.4,3.1,0.0,68.5,315.6,5.1,8.6,1.6,15.2,2.9,0.1,0.0,3.0,18.2
34.8,0.0,2220.3,1692.2,3912.4,466.6,191.9,0.0,658.5,4571.0,4.8,1.4,0.0,6.2,1.5,0.2,0.0,1.7,7.9,0.1,0.0,0.0,0.2,0.0,0.0,0.0,0.0,0.2
5445.8,17695098.4,397958.4,266953.8,664912.2,62360.9,26492.6,6136.3,94989.9,759902.1,861.5,288.5,9.6,1159.6,227.7,24.6,33.7,286.0,1445.6,25.0,16.9,2.4,44.3,8.1,0.9,1.5,10.5,54.7
0.0,0.0,4873.85,2923.55,7603.049999999999,1340.0,277.2,0.0,1847.6,9391.4,10.55,3.3,0.0,13.600000000000001,6.5,0.3,0.0,7.9,22.1,0.3,0.1,0.0,0.4,0.2,0.0,0.0,0.3,0.7
0.0,0.0,34723.0,20583.3,55306.2,2953.7,7583.1,147.4,10684.2,65990.4,75.2,18.1,0.0,93.3,10.3,8.7,0.3,19.2,112.5,2.2,0.4,0.0,2.6,0.3,0.2,0.0,0.5,3.1
0.0,0.0,3683.5,2139.7,5823.2,1354.3,91.4,0.0,1445.7,7268.9,8.0,1.7,0.0,9.7,5.7,0.0,0.0,5.7,15.4,0.2,0.0,0.0,0.3,0.3,0.0,0.0,0.3,0.5
0.0,0.0,306.2,3.8,310.0,0.0,263.6,0.0,263.6,573.6,0.7,0.0,0.0,0.7,0.0,1.2,0.0,1.2,1.8,0.0,0.0,0.0,0.0,0.0,0.0,0.0,0.0,0.0
0.0,0.0,1817.8,1167.0,2984.7,933.6,208.5,0.0,1142.1,4126.9,3.9,1.0,0.0,5.0,6.5,0.3,0.0,7.9,22.1,0.1,0.0,0.0,0.1,0.2,0.0,0.0,0.3,0.7
0.0,0.0,3391.0,1317.6,4708.6,1865.9,171.1,0.0,2037.1,6745.6,7.3,1.2,0.0,8.5,6.5,0.3,0.0,7.9,22.1,0.2,0.0,0.0,0.2,0.2,0.0,0.0,0.3,0.7
0.0,0.0,662.6,132.1,794.7,1164.5,204.0,0.0,1368.5,2163.2,1.4,0.1,0.0,1.6,5.8,0.1,0.0,5.9,7.4,0.0,0.0,0.0,0.0,0.2,0.0,0.0,0.2,0.2
0.0,0.0,44584.0,25343.5,69927.4,8272.0,8521.8,147.4,16941.2,86868.6,96.5,22.2,0.0,118.7,21.8,10.0,0.3,32.0,150.7,2.8,0.5,0.0,3.3,0.7,0.2,0.0,1.0,4.3
0.0,0.0,4873.85,2923.55,7603.049999999999,1340.0,277.2,0.0,1847.6,9391.4,10.55,3.3,0.0,13.600000000000001,6.5,0.3,0.0,7.9,22.1,0.3,0.1,0.0,0.4,0.2,0.0,0.0,0.3,0.7
0.0,0.0,59458.6,7405.4,66864.0,905.0,5808.9,0.0,6713.9,73577.9,128.7,9.4,0.0,138.1,6.5,0.3,0.0,7.9,22.1,3.7,0.1,0.0,3.9,0.2,0.0,0.0,0.3,0.7
0.0,0.0,3208.4,1748.0,4956.5,1814.5,109.2,0.0,1923.7,6880.1,6.9,1.5,0.0,8.5,6.5,0.3,0.0,7.9,22.1,0.2,0.0,0.0,0.2,0.2,0.0,0.0,0.3,0.7
0.0,0.0,1510.4,1702.2,3212.6,243.2,53.8,0.0,297.1,3509.7,3.3,1.6,0.0,4.9,1.1,0.1,0.0,1.1,6.0,0.1,0.0,0.0,0.1,0.0,0.0,0.0,0.0,0.2
0.0,0.0,1121.3,1381.7,2503.0,0.0,958.0,0.0,958.0,3461.0,2.4,1.8,0.0,4.2,0.0,4.2,0.0,4.2,8.3,0.1,0.0,0.0,0.1,0.0,0.1,0.0,0.1,0.2
0.0,0.0,1158.4,929.6,2088.0,673.5,52.5,0.0,726.0,2814.0,2.5,1.2,0.0,3.7,3.9,0.1,0.0,3.9,7.6,0.1,0.0,0.0,0.1,0.1,0.0,0.0,0.1,0.2
0.0,0.0,4234.3,2103.4,6337.7,3503.9,509.9,0.0,4013.8,10351.5,9.3,2.7,0.0,11.9,6.5,0.3,0.0,7.9,22.1,0.3,0.0,0.0,0.3,0.2,0.0,0.0,0.3,0.7
0.0,0.0,4798.0,4175.0,8973.0,936.4,164.1,0.0,1100.5,10073.5,10.4,3.8,0.0,14.1,6.5,0.3,0.0,7.9,22.1,0.3,0.1,0.0,0.4,0.2,0.0,0.0,0.3,0.7
0.0,0.0,2404.4,2509.3,4913.7,127.9,182.2,0.0,310.2,5223.9,5.2,2.3,0.0,7.5,0.2,0.4,0.0,0.5,8.0,0.2,0.0,0.0,0.2,0.0,0.0,0.0,0.0,0.2
0.0,0.0,1627.7,1548.0,3175.8,462.9,144.8,0.0,607.7,3783.5,3.5,1.4,0.0,4.9,2.1,0.1,0.0,2.2,7.1,0.1,0.0,0.0,0.1,0.1,0.0,0.0,0.1,0.2
0.0,0.0,920.2,494.7,1414.9,472.0,60.4,0.0,532.4,1947.3,2.0,0.4,0.0,2.4,2.8,0.0,0.0,2.9,5.3,0.1,0.0,0.0,0.1,0.1,0.0,0.0,0.1,0.2
0.0,0.0,1018.6,613.1,1631.6,1.8,567.3,0.0,569.1,2200.7,2.2,0.8,0.0,3.0,6.5,0.3,0.0,7.9,22.1,0.1,0.0,0.0,0.1,0.2,0.0,0.0,0.3,0.7
0.0,0.0,2881.9,912.9,3794.8,28.6,2373.1,0.0,2401.7,6196.5,6.2,1.1,0.0,7.4,0.0,11.7,0.0,11.7,19.1,0.2,0.0,0.0,0.2,0.0,0.3,0.0,0.3,0.5
0.0,0.0,753.0,1297.0,2050.0,1136.6,116.8,0.0,1253.4,3303.4,1.6,1.1,0.0,2.8,5.9,0.1,0.0,6.0,8.8,0.0,0.0,0.0,0.1,0.1,0.0,0.0,0.1,0.2
0.0,0.0,85095.2,26820.4,111915.6,10306.4,11101.0,0.0,21407.4,133323.0,184.3,29.0,0.0,213.3,15.9,16.6,0.0,32.6,245.9,5.4,0.5,0.0,5.8,0.5,0.5,0.0,1.0,6.8
0.0,0.0,72471.6,72085.5,144557.2,19484.5,4530.0,0.0,24014.5,168571.6,156.9,63.8,0.0,220.7,97.3,3.3,0.0,100.7,321.3,4.6,1.1,0.0,5.7,2.9,0.1,0.0,3.0,8.7
0.0,0.0,1810.9,1233.5,3044.4,995.7,48.5,0.0,1044.2,4088.6,3.9,1.1,0.0,5.0,5.4,0.0,0.0,5.4,10.5,0.1,0.0,0.0,0.1,0.2,0.0,0.0,0.2,0.4
0.0,0.0,2481.8,2157.6,4639.4,1283.0,149.2,0.0,1432.2,6071.6,5.4,1.9,0.0,7.3,6.0,0.2,0.0,6.2,13.5,0.2,0.0,0.0,0.2,0.2,0.0,0.0,0.2,0.4
0.0,0.0,1632.7,1313.1,2945.8,1374.5,198.6,0.0,1573.1,4518.9,3.5,1.1,0.0,4.6,7.4,0.3,0.0,7.7,12.3,0.1,0.0,0.0,0.1,0.2,0.0,0.0,0.3,0.4
0.0,0.0,4581.0,2177.0,6758.0,973.8,141.9,0.0,1115.8,7873.7,9.9,2.0,0.0,11.9,5.4,0.2,0.0,5.5,17.4,0.3,0.0,0.0,0.3,0.1,0.0,0.0,0.1,0.5
0.0,0.0,2839.7,2005.5,4845.2,147.7,729.7,0.0,877.4,5722.7,6.2,1.8,0.0,8.0,0.3,3.6,0.0,3.9,11.9,0.2,0.0,0.0,0.2,0.0,0.1,0.0,0.1,0.4
0.0,0.0,4949.7,1213.2,6162.9,1075.9,165.3,0.0,1241.2,7404.1,10.7,1.1,0.0,11.9,4.6,0.2,0.0,4.8,16.6,0.3,0.0,0.0,0.3,0.2,0.0,0.0,0.2,0.5
0.0,0.0,4120.0,1264.1,5384.1,709.4,48.6,0.0,758.0,6142.1,8.9,1.1,0.0,10.1,4.0,0.1,0.0,4.0,14.1,0.3,0.0,0.0,0.3,0.1,0.0,0.0,0.1,0.4
0.0,0.0,674.0,163.4,837.4,924.9,61.5,0.0,986.4,1823.8,1.5,0.1,0.0,1.6,5.8,0.0,0.0,5.8,7.4,0.0,0.0,0.0,0.0,0.1,0.0,0.0,0.1,0.2
0.0,0.0,2078.5,935.6,3014.1,738.1,31.2,0.0,769.3,3783.4,4.5,0.8,0.0,5.3,3.7,0.0,0.0,3.8,9.1,0.1,0.0,0.0,0.1,0.1,0.0,0.0,0.1,0.3
0.0,0.0,1952.5,447.8,2400.4,1110.0,136.8,0.0,1246.8,3647.2,4.2,0.4,0.0,4.6,6.2,0.1,0.0,6.3,10.9,0.1,0.0,0.0,0.1,0.2,0.0,0.0,0.2,0.3
0.0,0.0,99592.6,84996.3,184588.8,28817.5,6241.4,0.0,35059.0,219647.8,215.6,75.4,0.0,291.0,145.9,8.1,0.0,154.0,445.0,6.3,1.4,0.0,7.6,4.4,0.3,0.0,4.7,12.3
0.0,0.0,19879.9,19413.2,39293.0,2119.4,517.6,0.0,2637.0,41930.0,43.0,16.6,0.0,59.7,8.7,0.5,0.0,9.2,68.8,1.2,0.8,0.0,2.0,0.2,0.0,0.0,0.2,2.2
0.0,0.0,46421.6,35137.2,81558.8,5148.3,5902.9,614.1,11665.3,93224.1,100.5,30.2,0.0,130.7,6.5,0.3,0.0,7.9,22.1,2.9,1.0,0.0,3.9,0.2,0.0,0.0,0.3,0.7
0.0,0.0,1756.0,1265.9,3021.9,0.0,1862.2,0.0,1862.2,4884.1,3.8,1.6,0.0,5.4,0.0,7.6,0.0,7.6,13.0,0.1,0.0,0.0,0.1,0.0,0.2,0.0,0.2,0.3
0.0,0.0,413.1,91.5,504.6,196.1,105.6,0.0,301.7,806.3,0.9,0.1,0.0,1.0,0.8,0.2,0.0,1.1,2.1,0.0,0.0,0.0,0.0,0.0,0.0,0.0,0.0,0.0
0.0,0.0,1341.6,424.1,1765.7,660.7,108.6,0.0,769.3,2535.0,2.9,0.3,0.0,3.2,3.6,0.0,0.0,3.7,6.9,0.1,0.0,0.0,0.1,0.1,0.0,0.0,0.1,0.2
0.0,0.0,3394.5,1834.6,5229.1,144.0,1608.9,0.0,1752.9,6982.0,7.3,1.6,0.0,9.0,0.4,7.8,0.0,8.2,17.2,0.2,0.0,0.0,0.2,0.0,0.2,0.0,0.2,0.5
0.0,0.0,1556.3,967.7,2524.0,1123.0,152.0,0.0,1275.0,3799.0,3.4,0.9,0.0,4.2,5.0,0.3,0.0,5.2,9.5,0.1,0.0,0.0,0.1,0.1,0.0,0.0,0.1,0.3
0.0,0.0,4980.9,3735.2,8716.1,0.0,16173.1,0.0,16173.1,24889.2,10.8,3.4,0.0,14.1,6.5,0.3,0.0,7.9,22.1,0.3,0.1,0.0,0.4,0.2,0.0,0.0,0.3,0.7
0.0,0.0,4873.85,2923.55,7603.049999999999,1340.0,277.2,0.0,1847.6,9391.4,10.55,3.3,0.0,13.600000000000001,6.5,0.3,0.0,7.9,22.1,0.3,0.1,0.0,0.4,0.2,0.0,0.0,0.3,0.7
0.0,0.0,61095.1,44227.8,105323.0,7800.8,26005.1,614.1,34420.0,139742.9,132.3,38.7,0.0,171.0,12.0,16.1,0.0,28.2,199.1,3.8,1.1,0.0,5.0,0.3,0.4,0.0,0.8,5.8
0.0,0.0,19655.2,13770.8,33426.0,2130.4,649.1,0.0,2779.5,36205.6,42.5,12.3,0.0,54.8,10.9,0.7,0.0,11.6,66.4,1.2,0.2,0.0,1.5,0.4,0.0,0.0,0.4,1.9
0.0,0.0,12964.6,10013.4,22977.9,0.0,1834.6,0.0,1834.6,24812.5,28.1,12.7,0.0,40.8,6.5,0.3,0.0,7.9,22.1,0.8,0.2,0.0,1.0,0.2,0.0,0.0,0.3,0.7
0.0,1881749.1,40995.6,26157.3,67152.8,4715.1,11547.6,0.0,16262.7,83415.5,88.7,30.0,1.0,119.8,16.4,26.8,0.0,43.2,163.0,2.6,0.8,0.3,3.6,0.6,0.7,0.0,1.3,4.9
0.0,0.0,1068.1,636.2,1704.3,755.4,187.4,0.0,942.8,2647.2,2.3,0.8,0.0,3.1,4.2,1.0,0.0,5.2,8.3,0.1,0.0,0.0,0.1,0.1,0.0,0.0,0.1,0.2
62202.0,0.0,532.0,528.0,1060.1,205.3,82.3,0.0,287.6,1347.6,1.2,0.7,0.0,1.8,0.6,0.0,0.0,0.7,2.5,0.0,0.0,0.0,0.0,0.0,0.0,0.0,0.0,0.0
0.0,49584.0,5534.4,1805.6,7340.1,1841.9,5.6,0.0,1847.6,9187.6,12.0,2.3,0.0,14.3,8.7,0.0,0.0,8.7,23.0,0.3,0.0,0.0,0.4,0.3,0.0,0.0,0.3,0.7
0.0,0.0,1375.8,542.5,1918.3,950.2,118.8,0.0,1069.0,2987.3,3.0,0.7,0.0,3.7,4.4,0.1,0.0,4.5,8.1,0.1,0.0,0.0,0.1,0.1,0.0,0.0,0.1,0.2
0.0,0.0,1789.6,963.8,2753.4,1259.5,130.4,0.0,1389.9,4143.3,3.9,1.2,0.0,5.1,7.3,0.2,0.0,7.5,12.6,0.1,0.0,0.0,0.1,0.2,0.0,0.0,0.2,0.4
0.0,0.0,1652.1,1057.3,2709.5,945.2,188.8,0.0,1133.9,3843.4,3.6,1.2,0.0,4.8,3.5,0.3,0.0,3.8,8.6,0.1,0.0,0.0,0.1,0.1,0.0,0.0,0.1,0.2
0.0,0.0,1583.1,1082.9,2666.0,396.6,168.0,0.0,564.6,3230.6,3.4,1.4,0.0,4.8,1.7,0.2,0.0,2.0,6.8,0.1,0.0,0.0,0.1,0.0,0.0,0.0,0.1,0.2
62202.0,1931333.1,54530.8,32773.6,87304.4,11069.2,12428.8,0.0,23498.0,110802.5,118.0,38.3,1.0,157.4,47.0,28.6,0.0,75.6,233.0,3.4,0.9,0.3,4.6,1.4,0.7,0.0,2.2,6.8
0.0,0.0,13678.1,6163.7,19841.8,578.5,655.1,0.0,1233.6,21075.4,29.6,5.6,0.0,35.2,2.0,3.4,0.0,5.4,40.7,0.9,0.1,0.0,1.0,0.1,0.1,0.0,0.2,1.2
62202.0,1931333.1,442433.1,283641.0,726074.1,76340.6,68925.6,761.5,146027.6,872101.7,957.9,274.4,1.0,1233.3,285.1,84.4,0.3,369.8,1603.1,27.8,6.0,0.3,34.1,8.7,2.4,0.0,11.1,45.2
8500.0,0.0,14266.7,8827.7,23094.4,2651.4,600.8,57.1,3309.3,26403.7,30.9,7.9,0.0,38.8,6.5,0.3,0.0,7.9,22.1,0.9,0.1,0.0,1.0,0.2,0.0,0.0,0.3,0.7
0.0,0.0,25564.3,17558.1,43122.5,3857.6,487.4,0.0,4345.0,47467.5,55.3,15.6,0.0,70.9,19.4,0.6,0.0,20.0,90.9,1.6,0.3,0.0,1.9,0.9,0.0,0.0,0.9,2.8
0.0,0.0,20621.0,12223.8,32844.8,1129.5,347.3,0.0,1476.8,34321.6,44.6,11.0,0.0,55.7,7.7,0.2,0.0,7.9,63.6,1.3,0.2,0.0,1.5,0.3,0.0,0.0,0.3,1.8
0.0,0.0,22279.5,13927.5,36207.0,403.2,2612.2,0.0,3015.4,39222.4,48.2,12.1,0.0,60.4,1.2,13.1,0.0,14.2,74.6,1.4,0.3,0.0,1.7,0.1,0.4,0.0,0.5,2.2
0.0,0.0,22262.6,15188.1,37450.7,2756.3,603.6,0.0,3359.9,40810.6,48.2,18.2,0.0,66.4,19.5,0.0,0.0,19.5,86.0,1.4,0.4,0.0,1.8,0.8,0.0,0.0,0.8,2.5
0.0,0.0,18841.9,10362.6,29204.5,4629.2,133.6,0.0,4762.8,33967.3,40.8,9.3,0.0,50.1,9.3,0.1,0.0,9.4,59.5,1.2,0.2,0.0,1.3,0.2,0.0,0.0,0.2,1.6
0.0,0.0,32159.0,7294.6,39453.6,945.5,0.0,0.0,945.5,40399.1,69.8,12.4,0.0,82.2,4.7,0.0,0.0,4.7,86.9,2.0,1.2,0.0,3.3,0.1,0.0,0.0,0.1,3.4
0.0,0.0,26473.7,17384.4,43858.1,4705.6,509.8,0.0,5215.4,49073.5,57.3,21.9,0.0,79.2,6.5,0.3,0.0,7.9,22.1,1.7,0.3,0.0,2.0,0.2,0.0,0.0,0.3,0.7
0.0,0.0,20276.5,13472.3,33748.9,3888.7,285.2,0.0,4173.9,37922.8,43.9,12.1,0.0,56.0,15.2,0.2,0.0,15.4,71.4,1.3,0.2,0.0,1.5,0.5,0.0,0.0,0.5,2.0
0.0,0.0,22479.6,15628.8,38108.4,2629.3,459.6,0.0,3088.9,41197.3,48.7,18.6,0.0,67.2,9.9,2.2,0.0,12.1,79.3,1.4,0.3,0.0,1.7,0.3,0.1,0.0,0.4,2.1
0.0,0.0,28310.0,15802.8,44112.8,4635.6,515.2,0.0,5150.8,49263.6,61.3,19.9,0.0,81.2,37.3,0.2,0.0,37.5,118.7,1.8,0.3,0.0,2.1,1.5,0.0,0.0,1.5,3.5
0.0,0.0,15952.6,12701.9,28654.5,3320.5,209.6,0.0,3530.1,32184.6,34.5,11.7,0.0,46.2,14.8,0.3,0.0,15.1,61.3,1.0,0.3,0.0,1.3,0.3,0.0,0.0,0.3,1.6
0.0,0.0,12969.2,8981.8,21951.0,2372.3,102.6,0.0,2474.9,24425.9,28.1,10.9,0.0,39.0,8.6,0.1,0.0,8.7,47.7,0.8,0.2,0.0,1.0,0.3,0.0,0.0,0.3,1.3
0.0,0.0,21056.6,15079.2,36135.9,3183.9,233.6,0.0,3417.5,39553.3,45.6,18.9,0.0,64.5,6.5,0.3,0.0,7.9,22.1,1.3,0.3,0.0,1.6,0.2,0.0,0.0,0.3,0.7
0.0,0.0,15056.4,13589.5,28645.9,2057.1,200.3,0.0,2257.4,30903.2,32.6,12.0,0.0,44.5,6.5,0.3,0.0,7.9,22.1,0.9,0.2,0.0,1.1,0.2,0.0,0.0,0.3,0.7
0.0,89760.0,15703.4,10455.5,26158.9,1663.5,420.4,0.0,2083.9,28242.8,34.0,9.6,0.0,43.6,7.6,0.3,0.0,8.0,51.6,1.0,0.2,0.0,1.2,0.3,0.0,0.0,0.3,1.5
0.0,0.0,22654.5,14884.8,37539.3,1660.9,1583.9,0.0,3244.8,40784.1,49.0,18.9,0.0,67.9,0.8,5.6,0.0,6.3,74.2,1.4,0.3,0.0,1.7,0.0,0.2,0.0,0.2,1.9
0.0,0.0,19735.1,13421.5,33156.6,1190.5,464.7,0.0,1655.2,34811.8,42.7,14.9,0.0,57.6,7.6,0.3,0.0,7.8,65.4,1.2,0.2,0.0,1.5,0.3,0.0,0.0,0.3,1.8
4938.0,23139.0,16582.3,11438.9,28021.2,2666.0,0.0,0.0,2666.0,30687.2,35.9,14.5,0.0,50.4,4.9,0.0,0.0,4.9,55.3,1.0,0.2,0.0,1.3,0.3,0.0,0.0,0.3,1.6
0.0,0.0,14410.3,6705.0,21115.3,2459.7,45.5,0.0,2505.2,23620.5,31.2,5.7,0.0,36.9,9.0,0.0,0.0,9.1,46.0,0.9,0.1,0.0,1.0,0.4,0.0,0.0,0.4,1.4
0.0,0.0,9275.6,4925.8,14201.3,2640.1,700.5,24.8,3365.4,17566.8,20.1,4.0,0.0,24.0,6.5,0.3,0.0,7.9,22.1,0.6,0.2,0.0,0.8,0.2,0.0,0.0,0.3,0.7
0.0,0.0,24704.6,26142.5,50847.1,5588.7,84.8,0.0,5673.6,56520.7,53.5,30.1,0.0,83.6,6.5,0.3,0.0,7.9,22.1,1.6,0.6,0.0,2.2,0.2,0.0,0.0,0.3,0.7
0.0,0.0,16999.6,11507.1,28506.6,2553.6,112.0,0.0,2665.7,31172.3,36.8,10.2,0.0,47.0,6.5,0.3,0.0,7.9,22.1,1.1,0.2,0.0,1.2,0.2,0.0,0.0,0.3,0.7
0.0,0.0,6892.5,1961.4,8853.9,1129.2,222.8,0.0,1352.1,10206.0,14.9,2.5,0.0,17.4,5.4,0.1,0.0,5.5,22.9,0.4,0.0,0.0,0.5,0.2,0.0,0.0,0.2,0.6
0.0,0.0,24083.6,17581.6,41665.1,2331.7,209.3,0.0,2541.0,44206.1,52.1,15.8,0.0,68.0,8.0,0.2,0.0,8.2,76.2,1.5,0.3,0.0,1.8,0.2,0.0,0.0,0.2,2.0
0.0,0.0,18881.7,12321.5,31203.2,4586.4,341.1,5.2,4932.6,36135.9,40.9,15.6,0.0,56.4,8.9,0.0,0.0,8.9,65.4,1.2,0.2,0.0,1.4,0.3,0.0,0.0,0.3,1.7
0.0,0.0,11188.0,5928.9,17116.9,2316.3,409.4,0.0,2725.7,19842.6,24.2,5.1,0.0,29.4,11.0,0.8,0.0,11.8,41.1,0.7,0.1,0.0,0.8,0.4,0.0,0.0,0.5,1.3
0.0,0.0,19845.3,13442.0,33287.2,2635.3,416.8,76.5,3128.5,36415.8,43.0,17.0,0.0,60.0,11.6,0.5,0.1,12.2,72.2,1.2,0.2,0.0,1.5,0.4,0.0,0.0,0.4,1.9
0.0,0.0,15859.8,9310.8,25170.6,4228.0,242.8,0.0,4470.7,29641.3,34.3,8.2,0.0,42.5,15.9,0.1,0.0,16.0,58.6,1.0,0.2,0.0,1.2,0.9,0.0,0.0,0.9,2.0
0.0,0.0,20162.3,16967.1,37129.4,640.2,1951.8,8.9,2600.9,39730.3,43.6,21.5,0.0,65.1,2.4,7.3,0.0,9.6,74.8,1.3,0.3,0.0,1.6,0.0,0.1,0.0,0.1,1.7
0.0,0.0,18675.0,15165.2,33840.2,2356.8,134.8,80.8,2572.4,36412.6,40.4,13.7,0.0,54.1,11.4,0.2,0.0,11.5,65.6,1.2,0.2,0.0,1.4,0.5,0.0,0.0,0.5,1.9
0.0,0.0,20138.2,14526.2,34664.4,2797.0,163.5,0.0,2960.5,37624.9,43.7,12.6,0.0,56.3,9.7,0.2,0.0,9.9,66.2,1.3,0.2,0.0,1.5,0.3,0.0,0.0,0.3,1.8
0.0,0.0,21114.4,6084.8,27199.2,74.1,0.0,0.0,74.1,27273.2,45.7,7.7,0.0,53.4,0.1,0.0,0.0,0.1,53.5,1.3,0.1,0.0,1.4,0.0,0.0,0.0,0.0,1.4
13438.0,112899.0,635475.7,410793.5,1046269.2,86683.7,14805.0,253.2,101741.9,1148011.1,1375.8,440.2,0.1,1816.1,262.0,32.5,0.1,294.6,2110.7,40.0,8.7,0.0,48.7,9.8,1.0,0.0,10.7,59.4
0.0,0.0,15766.0,15435.2,31201.2,2583.8,6219.7,0.0,8803.5,40004.7,35.6,13.9,0.0,49.5,6.5,0.3,0.0,7.9,22.1,1.1,0.2,0.0,1.3,0.2,0.0,0.0,0.3,0.7
0.0,0.0,21622.6,21947.6,43570.2,6800.2,1510.7,0.0,8311.0,51881.1,49.1,27.8,0.0,77.0,6.5,0.3,0.0,7.9,22.1,1.6,0.4,0.0,2.0,0.2,0.0,0.0,0.3,0.7
0.0,0.0,17664.7,12641.2,30305.9,3019.8,872.6,0.0,3892.4,34198.4,38.8,11.4,0.0,50.2,11.7,0.2,0.0,11.9,62.0,1.2,0.2,0.0,1.4,0.5,0.0,0.0,0.5,1.9
245782.0,0.0,19370.1,15531.0,34901.0,2399.3,589.1,0.0,2988.4,37889.5,41.9,12.4,0.0,54.3,16.2,0.6,0.0,16.9,71.2,1.2,0.2,0.0,1.5,1.0,0.0,0.0,1.0,2.4
0.0,0.0,40266.3,20123.4,60389.7,5129.7,1624.3,0.0,6753.9,67143.6,87.2,18.1,0.0,105.3,21.4,2.2,0.0,23.6,128.9,2.5,0.3,0.0,2.8,1.2,0.0,0.0,1.3,4.1
0.0,0.0,8331.4,6977.6,15309.0,1323.5,395.6,25.0,1744.1,17053.1,18.3,8.8,0.0,27.1,7.8,0.2,0.2,8.1,35.2,0.5,0.1,0.0,0.7,0.2,0.0,0.0,0.2,0.9
0.0,0.0,18681.3,11803.9,30485.1,2269.9,839.4,0.0,3109.3,33594.4,40.5,10.6,0.0,51.1,10.5,0.7,0.0,11.1,62.2,1.2,0.2,0.0,1.4,0.4,0.0,0.0,0.4,1.8
0.0,0.0,13258.9,8116.1,21375.0,2310.5,553.2,417.0,3280.7,24655.8,28.7,10.1,0.0,38.8,6.5,0.3,0.0,7.9,22.1,0.8,0.2,0.0,1.0,0.2,0.0,0.0,0.3,0.7
0.0,0.0,17986.8,10522.0,28508.7,2437.1,855.0,0.0,3292.1,31800.8,38.9,9.5,0.0,48.5,13.2,0.3,0.0,13.6,62.0,1.1,0.2,0.0,1.3,0.3,0.0,0.0,0.3,1.6
0.0,0.0,10266.2,5621.5,15887.7,1632.0,407.7,0.0,2039.7,17927.4,22.2,5.1,0.0,27.3,6.5,0.3,0.0,7.9,22.1,0.6,0.1,0.0,0.7,0.2,0.0,0.0,0.3,0.7
0.0,2341980.0,54188.1,34789.9,88978.0,11305.4,3944.2,97.4,15347.0,104325.0,117.3,43.9,1.3,162.4,55.5,5.3,1.5,62.3,224.7,3.4,0.7,0.3,4.4,2.2,0.2,0.1,2.4,6.8
0.0,897168.0,26586.4,23440.2,50026.7,7227.4,3064.6,0.0,10292.0,60318.7,57.5,23.8,0.5,81.9,27.1,2.3,0.0,29.4,111.3,1.7,4.2,0.1,6.0,1.2,0.1,0.0,1.3,7.3
245782.0,3239148.0,263988.7,186949.6,450938.4,48438.7,20876.1,539.3,69854.1,520792.5,576.1,195.5,1.7,773.3,163.4,11.9,1.7,177.0,950.3,17.0,7.0,0.4,24.4,7.1,0.3,0.1,7.5,31.8
0.0,0.0,17852.3,9486.1,27338.4,2073.7,589.3,0.0,2663.1,30001.4,38.6,8.0,0.0,46.6,6.5,0.3,0.0,7.9,22.1,1.1,0.2,0.0,1.4,0.2,0.0,0.0,0.3,0.7
0.0,0.0,18850.4,10481.9,29332.3,2987.7,2172.6,0.0,5160.3,34492.6,40.8,9.4,0.0,50.2,6.5,0.3,0.0,7.9,22.1,1.2,0.2,0.0,1.4,0.2,0.0,0.0,0.3,0.7
0.0,0.0,27642.0,16828.1,44470.1,2413.1,1044.1,0.0,3457.2,47927.3,59.8,17.3,0.0,77.1,7.6,0.8,0.0,8.3,85.5,1.7,0.6,0.0,2.4,0.3,0.0,0.0,0.3,2.7
0.0,0.0,15227.7,11410.5,26638.3,1474.0,1079.5,0.0,2553.4,29191.7,33.0,10.3,0.0,43.2,6.2,2.7,0.0,8.9,52.1,1.0,0.2,0.0,1.1,0.2,0.1,0.0,0.3,1.4
0.0,0.0,22255.6,18644.1,40899.7,4450.2,2113.2,0.0,6563.4,47463.0,48.2,15.9,0.0,64.0,21.9,1.9,0.0,23.8,87.8,1.4,0.5,0.0,1.9,0.6,0.1,0.0,0.7,2.6
0.0,0.0,30151.7,21126.2,51277.9,3452.1,2811.5,0.0,6263.6,57541.5,65.3,17.4,0.0,82.6,14.3,3.1,0.0,17.3,100.0,1.9,0.7,0.0,2.5,0.5,0.1,0.0,0.7,3.2
0.0,0.0,27530.2,21233.2,48763.4,2903.7,2182.4,0.3,5086.3,53849.8,59.6,26.5,0.0,86.1,6.5,0.3,0.0,7.9,22.1,1.7,0.4,0.0,2.2,0.2,0.0,0.0,0.3,0.7
0.0,0.0,1679.3,1329.5,3008.8,0.0,1598.4,0.0,1598.4,4607.2,3.6,1.7,0.0,5.3,0.0,7.9,0.0,7.9,13.2,0.1,0.0,0.0,0.1,0.0,0.2,0.0,0.2,0.4
0.0,0.0,1543.2,1031.0,2574.2,63.0,735.3,0.0,798.3,3372.4,3.3,0.9,0.0,4.3,0.1,5.0,0.0,5.1,9.4,0.1,0.0,0.0,0.1,0.0,0.1,0.0,0.2,0.3
0.0,0.0,2810.7,1833.8,4644.6,1206.8,113.1,0.0,1319.8,5964.4,6.1,2.3,0.0,8.4,6.5,0.3,0.0,7.9,22.1,0.2,0.0,0.0,0.2,0.2,0.0,0.0,0.3,0.7
0.0,0.0,1362.5,835.9,2198.4,932.3,190.6,0.1,1123.1,3321.5,2.9,1.1,0.0,4.0,3.7,0.2,0.0,3.8,7.9,0.1,0.0,0.0,0.1,0.0,0.0,0.0,0.1,0.2
0.0,0.0,952.3,902.7,1855.0,1064.7,87.5,0.0,1152.2,3007.2,2.1,0.8,0.0,2.9,6.1,0.1,0.0,6.1,9.0,0.1,0.0,0.0,0.1,0.2,0.0,0.0,0.2,0.2
0.0,0.0,1744.1,1589.8,3333.8,1621.8,173.9,0.0,1795.7,5129.6,3.8,2.0,0.0,5.8,6.5,0.3,0.0,7.9,22.1,0.1,0.0,0.0,0.1,0.2,0.0,0.0,0.3,0.7
0.0,0.0,37622.3,28756.0,66378.3,7792.2,5081.2,0.4,12873.8,79252.0,81.5,35.3,0.0,116.8,9.8,13.1,0.0,23.0,139.7,2.4,0.6,0.0,2.9,0.2,0.4,0.0,0.6,3.5
0.0,0.0,16862.7,7912.2,24775.0,1226.8,502.7,0.0,1729.6,26504.5,36.5,6.5,0.0,43.0,6.5,0.3,0.0,7.9,22.1,1.1,0.2,0.0,1.3,0.2,0.0,0.0,0.3,0.7
0.0,0.0,16859.7,10601.2,27460.9,1279.1,742.1,0.0,2021.2,29482.0,36.5,11.7,0.0,48.2,5.1,2.2,0.0,7.3,55.6,1.1,0.3,0.0,1.3,0.1,0.1,0.0,0.2,1.5
0.0,0.0,98226.4,46529.1,144755.5,5466.0,7670.1,0.0,13136.2,157891.7,212.6,53.5,0.0,266.1,9.4,11.3,0.0,20.7,286.8,6.2,1.3,0.0,7.4,0.9,0.7,0.0,1.6,9.0
0.0,0.0,1423.4,1275.9,2699.3,713.6,94.3,0.0,807.8,3507.2,3.1,1.2,0.0,4.3,6.5,0.3,0.0,7.9,22.1,0.1,0.0,0.0,0.1,0.2,0.0,0.0,0.3,0.7
0.0,0.0,822.6,1044.6,1867.2,929.4,38.9,0.0,968.3,2835.6,1.8,0.9,0.0,2.7,3.7,0.0,0.0,3.7,6.5,0.1,0.0,0.0,0.1,0.3,0.0,0.0,0.3,0.3
0.0,0.0,1097.8,842.9,1940.6,979.7,61.6,0.0,1041.4,2982.0,2.4,1.1,0.0,3.4,5.7,0.1,0.0,5.8,9.2,0.1,0.0,0.0,0.1,0.2,0.0,0.0,0.2,0.3
0.0,0.0,1643.1,1056.9,2699.9,605.5,45.2,0.0,650.7,3350.7,3.6,1.3,0.0,4.9,2.6,0.0,0.0,2.6,7.5,0.1,0.0,0.0,0.1,0.1,0.0,0.0,0.1,0.2
0.0,0.0,1546.0,1488.4,3034.3,1441.0,88.0,0.0,1529.0,4563.3,3.3,1.9,0.0,5.2,6.5,0.3,0.0,7.9,22.1,0.1,0.0,0.0,0.1,0.2,0.0,0.0,0.3,0.7
0.0,0.0,1822.4,1232.5,3054.9,787.0,81.0,0.0,868.0,3922.9,3.9,1.1,0.0,5.1,6.5,0.3,0.0,7.9,22.1,0.1,0.0,0.0,0.1,0.2,0.0,0.0,0.3,0.7
0.0,0.0,5529.8,2272.3,7802.1,1474.5,114.8,0.0,1589.3,9391.4,12.0,2.0,0.0,14.0,7.6,0.3,0.0,7.9,21.9,0.3,0.0,0.0,0.4,0.2,0.0,0.0,0.3,0.6
0.0,0.0,314.5,656.4,970.9,451.8,100.4,0.0,552.2,1523.1,0.7,0.7,0.0,1.4,2.7,0.2,0.0,3.0,4.4,0.0,0.0,0.0,0.0,0.1,0.0,0.0,0.1,0.1
0.0,0.0,1784.6,627.5,2412.2,0.0,1132.2,0.0,1132.2,3544.4,3.9,0.8,0.0,4.7,6.5,0.3,0.0,7.9,22.1,0.1,0.0,0.0,0.1,0.2,0.0,0.0,0.3,0.7
0.0,0.0,1258.3,1244.2,2502.5,1004.0,61.4,0.0,1065.4,3567.9,2.7,1.1,0.0,3.8,5.5,0.1,0.0,5.5,9.3,0.1,0.0,0.0,0.1,0.2,0.0,0.0,0.2,0.3
0.0,0.0,1936.5,1058.9,2995.4,1427.7,232.2,0.0,1659.9,4655.3,4.2,1.1,0.0,5.3,7.6,0.3,0.0,7.9,13.2,0.1,0.0,0.0,0.1,0.3,0.0,0.0,0.3,0.4
0.0,0.0,1455.1,43.0,1498.2,1122.3,124.9,0.0,1247.1,2745.3,3.1,0.1,0.0,3.2,5.9,0.1,0.0,5.9,9.1,0.1,0.0,0.0,0.1,0.2,0.0,0.0,0.2,0.3
0.0,0.0,118860.5,59372.7,178233.2,16402.4,9845.0,0.0,26247.4,204480.7,257.3,66.8,0.0,324.1,50.6,12.4,0.0,63.0,387.1,7.5,1.5,0.0,9.0,2.5,0.7,0.0,3.2,12.1
0.0,0.0,47491.4,27787.4,75278.8,6610.7,1059.5,0.0,7670.2,82949.0,102.8,34.5,0.0,137.3,26.2,1.3,0.0,27.5,164.8,3.0,0.6,0.0,3.6,0.7,0.0,0.0,0.8,4.3
0.0,0.0,72886.7,37105.1,109991.8,6398.5,2978.2,0.0,9376.6,119368.4,157.8,46.1,0.0,203.9,36.2,6.5,0.0,42.7,246.6,4.6,0.8,0.0,5.4,1.0,0.4,0.0,1.4,6.8
0.0,0.0,21325.3,26290.5,47615.8,1678.8,736.7,0.0,2415.4,50031.2,46.2,32.5,0.0,78.7,7.4,0.0,0.0,7.4,86.1,1.3,0.6,0.0,1.9,0.2,0.0,0.0,0.2,2.1
0.0,0.0,21149.8,12873.8,34023.7,2134.0,681.5,0.0,2815.5,36839.2,45.8,12.2,0.0,58.0,6.5,0.3,0.0,7.9,22.1,1.3,0.2,0.0,1.6,0.2,0.0,0.0,0.3,0.7
0.0,0.0,22848.1,13089.9,35938.0,0.0,12686.5,0.0,12686.5,48624.5,49.5,15.4,0.0,64.9,6.5,0.3,0.0,7.9,22.1,1.4,0.3,0.0,1.8,0.2,0.0,0.0,0.3,0.7
19746.0,593610.0,23679.0,17821.9,41501.0,2313.6,687.1,0.0,3000.8,44501.7,51.3,15.4,0.3,66.9,10.4,0.7,0.0,11.1,78.1,1.5,0.3,0.1,1.9,0.2,0.0,0.0,0.3,2.2
0.0,0.0,15231.5,9848.1,25079.6,1729.9,553.3,0.0,2283.2,27362.8,33.0,8.5,0.0,41.5,8.8,0.5,0.0,9.3,50.8,1.0,0.2,0.0,1.2,0.3,0.0,0.0,0.3,1.5
0.0,0.0,22100.2,15747.1,37847.3,2780.4,665.2,0.0,3445.6,41292.9,47.9,13.6,0.0,61.4,6.5,0.3,0.0,7.9,22.1,1.4,0.4,0.0,1.7,0.2,0.0,0.0,0.3,0.7
0.0,0.0,23284.4,12503.7,35788.1,1672.8,713.4,0.0,2386.2,38174.3,50.4,15.2,0.0,65.6,6.5,0.3,0.0,7.9,22.1,1.5,0.3,0.0,1.7,0.2,0.0,0.0,0.3,0.7
0.0,0.0,16685.4,8208.0,24893.4,0.0,1161.5,0.0,1161.5,26054.9,36.1,11.5,0.0,47.7,6.5,0.3,0.0,7.9,22.1,1.0,0.1,0.0,1.2,0.2,0.0,0.0,0.3,0.7
0.0,0.0,19208.5,11317.1,30525.5,1797.7,727.2,0.0,2524.9,33050.4,41.6,12.4,0.0,54.0,10.1,1.2,0.0,11.3,65.3,1.2,0.3,0.0,1.5,0.4,0.0,0.0,0.5,1.9
0.0,0.0,22522.9,12260.9,34783.8,5205.9,1004.5,0.0,6210.4,40994.2,48.8,11.0,0.0,59.8,31.1,1.3,0.0,32.3,92.1,1.4,0.2,0.0,1.6,1.1,0.0,0.0,1.2,2.8
0.0,0.0,26548.0,18931.2,45479.2,1413.0,1028.3,0.0,2441.3,47920.5,57.5,16.7,0.0,74.2,6.5,0.8,0.0,7.4,81.6,1.7,0.6,0.0,2.2,0.2,0.0,0.0,0.3,2.5
19746.0,593610.0,677146.2,418403.7,1095549.9,77286.7,50663.9,0.4,127951.1,1223501.0,1465.9,443.5,0.3,1909.7,252.2,48.5,0.0,300.7,2210.4,42.6,9.7,0.1,52.3,8.7,2.1,0.0,10.8,63.1
0.0,0.0,10436.5,7051.3,17487.7,606.6,705.9,0.0,1312.5,18800.2,22.7,6.0,0.0,28.7,2.2,1.0,0.0,3.1,31.8,0.7,0.2,0.0,0.8,0.0,0.0,0.0,0.1,0.9
0.0,0.0,23370.9,4900.9,28271.9,3570.6,1352.6,0.0,4923.2,33195.0,50.6,5.9,0.0,56.5,13.7,1.9,0.0,15.5,72.1,1.5,0.1,0.0,1.6,0.7,0.1,0.0,0.8,2.4
0.0,0.0,25310.4,19382.5,44692.9,1699.2,2026.4,0.0,3725.6,48418.5,54.8,16.6,0.0,71.4,5.7,1.8,0.0,7.5,78.9,1.6,0.5,0.0,2.1,0.2,0.1,0.0,0.3,2.3
0.0,0.0,3249.8,1730.2,4980.0,1895.5,126.2,0.0,2021.6,7001.6,7.0,1.6,0.0,8.6,10.3,0.3,0.0,10.6,19.2,0.2,0.0,0.0,0.2,0.4,0.0,0.0,0.4,0.7
0.0,0.0,1598.2,1420.9,3019.0,395.0,75.2,0.0,470.3,3489.3,3.5,1.3,0.0,4.7,2.8,0.1,0.0,2.9,7.6,0.1,0.0,0.0,0.1,0.1,0.0,0.0,0.1,0.2
0.0,0.0,549.0,252.1,801.1,838.7,77.1,0.0,915.8,1716.9,1.2,0.2,0.0,1.4,4.3,0.2,0.0,4.4,5.8,0.0,0.0,0.0,0.0,0.1,0.0,0.0,0.1,0.1
0.0,0.0,3058.7,1918.8,4977.5,2194.0,135.8,0.0,2329.8,7307.3,6.6,1.7,0.0,8.3,13.6,0.1,0.0,13.7,22.1,0.2,0.0,0.0,0.2,0.4,0.0,0.0,0.4,0.6
0.0,0.0,33766.1,24704.5,58470.6,7022.4,2440.7,0.0,9463.1,67933.6,73.1,21.4,0.0,94.5,36.7,2.6,0.0,39.2,133.7,2.1,0.5,0.0,2.7,1.1,0.1,0.0,1.2,3.9
0.0,0.0,27009.0,13526.9,40536.0,4123.5,2577.8,0.0,6701.3,47237.2,58.5,15.8,0.0,74.2,6.5,0.3,0.0,7.9,22.1,1.7,0.4,0.0,2.1,0.2,0.0,0.0,0.3,0.7
0.0,0.0,809.5,1388.6,2198.1,0.0,71.1,0.0,71.1,2269.2,1.8,1.7,0.0,3.5,6.5,0.3,0.0,7.9,22.1,0.1,0.0,0.0,0.1,0.2,0.0,0.0,0.3,0.7
0.0,0.0,1929.1,1176.4,3105.5,278.1,52.1,0.0,330.2,3435.7,4.2,1.1,0.0,5.2,1.1,0.1,0.0,1.2,6.4,0.1,0.0,0.0,0.1,0.0,0.0,0.0,0.0,0.2
0.0,0.0,2374.4,1179.8,3554.2,734.1,96.1,20.3,850.5,4404.7,5.2,1.1,0.0,6.2,3.3,0.1,0.0,3.4,9.7,0.2,0.0,0.0,0.2,0.1,0.0,0.0,0.1,0.3
0.0,0.0,1034.0,579.6,1613.7,897.9,263.4,2.0,1163.3,2777.0,2.2,0.5,0.0,2.8,3.9,1.1,0.0,5.0,7.8,0.1,0.0,0.0,0.1,0.0,0.1,0.0,0.1,0.2
0.0,0.0,1972.3,2053.7,4025.9,1221.2,240.5,0.0,1461.7,5487.7,4.3,1.9,0.0,6.1,5.0,0.3,0.0,5.3,11.4,0.1,0.0,0.0,0.2,0.1,0.0,0.0,0.2,0.3
0.0,0.0,35128.4,19905.0,55033.4,7254.8,3301.0,22.3,10578.1,65611.5,76.1,22.0,0.0,98.0,13.3,1.7,0.0,14.9,113.0,2.2,0.5,0.0,2.7,0.3,0.1,0.0,0.4,3.1
0.0,0.0,73714.1,46373.1,120087.2,0.0,13865.7,0.0,13865.7,133952.9,159.6,40.1,0.0,199.7,0.0,15.2,0.0,15.2,214.9,4.6,1.0,0.0,5.7,0.0,0.6,0.0,0.6,6.3
0.0,0.0,2053.1,2047.3,4100.4,572.5,394.5,0.0,967.0,5067.4,4.4,1.8,0.0,6.3,6.5,0.3,0.0,7.9,22.1,0.1,0.0,0.0,0.2,0.2,0.0,0.0,0.3,0.7
0.0,0.0,1082.9,1227.4,2310.2,0.0,803.5,0.0,803.5,3113.7,2.3,1.1,0.0,3.4,0.0,3.0,0.0,3.0,6.4,0.1,0.0,0.0,0.1,0.0,0.1,0.0,0.1,0.2
0.0,0.0,1579.9,1075.0,2654.9,0.0,1058.1,0.0,1058.1,3713.0,3.4,2.6,0.0,6.0,6.5,0.3,0.0,7.9,22.1,0.1,0.3,0.0,0.4,0.2,0.0,0.0,0.3,0.7
0.0,0.0,1766.4,350.5,2116.9,842.9,83.5,0.0,926.4,3043.3,3.8,0.3,0.0,4.1,4.8,0.1,0.0,4.9,9.1,0.1,0.0,0.0,0.1,0.2,0.0,0.0,0.2,0.3
0.0,0.0,940.3,663.9,1604.2,0.0,757.3,0.0,757.3,2361.5,2.0,0.6,0.0,2.6,6.5,0.3,0.0,7.9,22.1,0.1,0.0,0.0,0.1,0.2,0.0,0.0,0.3,0.7
0.0,0.0,1195.1,763.0,1958.1,463.1,45.0,0.0,508.1,2466.3,2.6,0.7,0.0,3.3,2.0,0.1,0.0,2.0,5.3,0.1,0.0,0.0,0.1,0.0,0.0,0.0,0.0,0.1
0.0,0.0,1905.3,1278.5,3183.8,410.0,75.5,0.0,485.6,3669.4,4.1,1.2,0.0,5.3,1.4,0.1,0.0,1.6,6.8,0.1,0.0,0.0,0.1,0.0,0.0,0.0,0.1,0.2
0.0,0.0,3686.1,2899.6,6585.7,1514.3,269.2,0.0,1783.4,8369.2,8.0,2.6,0.0,10.6,6.1,0.4,0.0,6.5,17.1,0.2,0.0,0.0,0.3,0.2,0.0,0.0,0.2,0.5
780.0,0.0,2355.7,1735.9,4091.6,1344.4,107.6,0.0,1452.0,5543.7,5.1,1.3,0.0,6.4,8.2,0.1,0.0,8.3,14.8,0.1,0.0,0.0,0.2,0.2,0.0,0.0,0.2,0.4
0.0,0.0,2046.4,987.8,3034.2,1188.4,153.4,0.0,1341.8,4376.1,4.4,0.9,0.0,5.3,6.5,0.3,0.0,7.9,22.1,0.1,0.0,0.0,0.1,0.2,0.0,0.0,0.3,0.7
0.0,0.0,2566.1,933.0,3499.1,1312.0,151.6,0.0,1463.7,4962.8,5.6,0.8,0.0,6.4,6.4,0.2,0.0,6.6,13.0,0.2,0.0,0.0,0.2,0.2,0.0,0.0,0.2,0.4
780.0,0.0,94891.4,60335.0,155226.4,7647.8,17765.0,0.0,25412.8,180639.2,205.4,54.1,0.0,259.5,28.9,19.2,0.0,48.1,307.6,6.0,1.5,0.0,7.5,0.8,0.7,0.0,1.6,9.1
2400.0,0.0,12426.0,6422.9,18848.9,3136.9,845.7,0.0,3982.6,22831.5,26.9,5.6,0.0,32.5,3.5,1.5,0.0,5.0,37.5,0.8,0.1,0.0,0.9,0.3,0.1,0.0,0.4,1.3
0.0,0.0,73098.6,38958.7,112057.3,1937.7,5880.0,0.0,7817.7,119875.0,158.2,32.3,0.0,190.6,6.5,0.3,0.0,7.9,22.1,4.6,1.1,0.0,5.7,0.2,0.0,0.0,0.3,0.7
0.0,0.0,1423.9,1378.4,2802.3,10.5,468.2,0.0,478.8,3281.0,3.1,1.7,0.0,4.8,6.5,0.3,0.0,7.9,22.1,0.1,0.0,0.0,0.1,0.2,0.0,0.0,0.3,0.7
0.0,0.0,2639.4,2685.2,5324.6,66.0,2580.5,0.0,2646.5,7971.0,5.7,2.4,0.0,8.1,0.1,10.6,0.0,10.8,18.9,0.2,0.0,0.0,0.2,0.0,0.4,0.0,0.4,0.6
0.0,0.0,1861.7,1589.7,3451.4,710.6,48.3,0.0,758.8,4210.2,4.0,2.0,0.0,6.0,6.5,0.3,0.0,7.9,22.1,0.1,0.0,0.0,0.1,0.2,0.0,0.0,0.3,0.7
3929.0,0.0,2016.3,1182.8,3199.1,649.8,227.8,0.0,877.5,4076.7,4.4,1.4,0.0,5.7,2.5,0.3,0.0,2.8,8.5,0.1,0.0,0.0,0.1,0.1,0.0,0.0,0.1,0.3
0.0,0.0,1825.1,1506.2,3331.3,3514.9,42.8,0.0,3557.8,6889.0,4.0,1.9,0.0,5.9,15.5,0.1,0.0,15.5,21.4,0.1,0.0,0.0,0.1,0.7,0.0,0.0,0.7,0.9
0.0,0.0,2216.6,1584.7,3801.3,1597.7,67.0,0.0,1664.8,5466.1,4.9,1.4,0.0,6.3,6.5,0.3,0.0,7.9,22.1,0.1,0.0,0.0,0.2,0.2,0.0,0.0,0.3,0.7
0.0,0.0,604.1,168.6,772.7,1340.0,60.6,0.0,1400.6,2173.3,1.3,0.2,0.0,1.5,6.2,0.1,0.0,6.3,7.7,0.0,0.0,0.0,0.0,0.2,0.0,0.0,0.2,0.2
0.0,0.0,757.7,341.4,1099.1,430.9,144.6,0.0,575.5,1674.7,1.6,0.3,0.0,1.9,6.5,0.3,0.0,7.9,22.1,0.0,0.0,0.0,0.1,0.2,0.0,0.0,0.3,0.7
0.0,0.0,892.0,1233.1,2125.1,990.6,110.2,0.0,1100.8,3225.9,1.9,1.1,0.0,3.0,3.7,0.1,0.0,3.8,6.9,0.1,0.0,0.0,0.1,0.1,0.0,0.0,0.1,0.1
0.0,0.0,2479.4,872.1,3351.4,705.3,36.0,0.0,741.3,4092.7,5.4,0.9,0.0,6.2,6.5,0.3,0.0,7.9,22.1,0.2,0.0,0.0,0.2,0.2,0.0,0.0,0.3,0.7
0.0,0.0,2503.1,1661.5,4164.6,0.0,112.1,0.0,112.1,4276.7,5.4,2.1,0.0,7.5,6.5,0.3,0.0,7.9,22.1,0.2,0.0,0.0,0.2,0.2,0.0,0.0,0.3,0.7
0.0,0.0,2104.5,2146.6,4251.0,672.9,0.0,0.0,672.9,4924.0,4.6,2.7,0.0,7.3,3.3,0.0,0.0,3.3,10.6,0.1,0.0,0.0,0.2,0.1,0.0,0.0,0.1,0.3
3929.0,0.0,94422.5,55308.9,149731.3,12626.8,9778.2,0.0,22405.0,172136.4,204.4,50.5,0.0,254.9,31.3,11.2,0.0,42.5,297.4,5.9,1.4,0.0,7.4,1.2,0.4,0.0,1.6,9.0
0.0,0.0,21255.7,11321.0,32576.8,2420.8,744.5,0.0,3165.3,35742.1,46.0,13.0,0.0,59.0,7.3,0.9,0.0,8.2,67.1,1.3,0.3,0.0,1.7,0.2,0.0,0.0,0.3,1.9
0.0,0.0,27426.5,11004.5,38431.1,3261.3,720.3,0.0,3981.6,42412.6,59.3,10.1,0.0,69.3,26.3,0.2,0.0,26.5,95.9,1.7,0.2,0.0,1.9,0.8,0.0,0.0,0.8,2.7
0.0,0.0,36995.2,23992.7,60987.9,3755.5,1287.1,0.0,5042.6,66030.5,80.1,29.6,0.0,109.7,4.3,5.6,0.0,9.9,119.5,2.3,0.5,0.0,2.8,0.1,0.2,0.0,0.3,3.1
0.0,0.0,2079.4,1468.6,3548.0,1321.1,133.4,0.0,1454.5,5002.5,4.5,1.3,0.0,5.8,7.3,0.2,0.0,7.5,13.3,0.1,0.0,0.0,0.2,0.2,0.0,0.0,0.2,0.4
0.0,0.0,4306.6,2008.5,6315.1,2147.6,93.5,0.0,2241.1,8556.2,9.3,2.5,0.0,11.9,9.0,0.0,0.0,9.1,20.9,0.3,0.0,0.0,0.3,0.2,0.0,0.0,0.2,0.5
0.0,0.0,1787.8,1469.2,3257.0,1733.1,102.2,0.0,1835.3,5092.3,3.9,1.9,0.0,5.7,2.1,0.1,0.0,2.3,8.0,0.1,0.0,0.0,0.1,0.1,0.0,0.0,0.1,0.2
0.0,0.0,1967.0,1857.3,3824.2,1479.1,120.3,0.0,1599.4,5423.6,4.3,2.2,0.0,6.5,7.7,0.1,0.0,7.8,14.3,0.1,0.0,0.0,0.2,0.2,0.0,0.0,0.2,0.4
8693.0,0.0,1242.1,1151.1,2393.2,1340.0,79.0,0.0,1847.6,9391.4,2.7,1.0,0.0,3.7,6.5,0.2,0.0,7.9,22.1,0.1,0.0,0.0,0.1,0.2,0.0,0.0,0.3,0.7
8693.0,0.0,48378.1,31947.3,80325.4,11718.6,1815.6,0.0,13534.1,93859.5,104.7,38.5,0.0,143.3,37.2,6.2,0.0,43.5,186.7,3.0,0.7,0.0,3.7,1.0,0.2,0.0,1.2,4.9
0.0,0.0,29162.7,10190.7,39353.4,1080.2,1016.8,0.0,2097.0,41450.4,63.1,12.2,0.0,75.4,6.5,0.3,0.0,7.9,22.1,1.8,0.2,0.0,2.1,0.2,0.0,0.0,0.3,0.7
0.0,0.0,14652.5,8372.7,23025.2,1661.1,361.6,0.0,2022.8,25048.0,31.7,6.8,0.0,38.5,4.9,0.1,0.0,5.0,43.5,0.9,0.2,0.0,1.1,0.4,0.0,0.0,0.4,1.5
0.0,115696.0,15718.8,7234.2,22953.0,6382.4,1236.7,23.1,7642.2,30595.3,34.0,6.1,0.1,40.2,19.7,2.0,0.0,21.7,61.9,1.0,0.2,0.0,1.2,1.2,0.1,0.0,1.4,2.5
0.0,0.0,17614.9,8916.5,26531.4,3515.1,555.8,0.0,4070.9,30602.4,38.1,7.6,0.0,45.7,6.5,0.3,0.0,7.9,22.1,1.1,0.1,0.0,1.3,0.2,0.0,0.0,0.3,0.7
0.0,0.0,44547.0,29830.2,74377.2,702.4,2764.7,0.0,3467.1,77844.3,96.4,26.9,0.0,123.3,6.5,0.3,0.0,7.9,22.1,2.8,0.4,0.0,3.2,0.2,0.0,0.0,0.3,0.7
0.0,0.0,2042.4,1468.3,3510.7,903.2,62.9,0.0,966.1,4476.9,4.4,1.3,0.0,5.8,6.5,0.3,0.0,7.9,22.1,0.1,0.0,0.0,0.2,0.2,0.0,0.0,0.3,0.7
0.0,0.0,2254.0,1005.6,3259.6,670.2,27.9,0.0,698.1,3957.7,4.9,0.9,0.0,5.8,3.5,0.0,0.0,3.5,9.3,0.1,0.0,0.0,0.2,0.1,0.0,0.0,0.1,0.2
0.0,0.0,7435.6,3676.0,11111.6,1551.2,111.1,0.0,1662.3,12773.9,16.1,3.3,0.0,19.4,6.5,0.3,0.0,7.9,22.1,0.5,0.1,0.0,0.5,0.2,0.0,0.0,0.3,0.7
0.0,0.0,2172.5,1289.9,3462.4,789.1,57.0,0.0,846.1,4308.5,4.7,1.2,0.0,5.9,2.7,0.0,0.0,2.7,8.6,0.1,0.0,0.0,0.2,0.1,0.0,0.0,0.1,0.2
0.0,0.0,2770.9,1484.9,4255.7,1314.0,63.6,0.0,1377.6,5633.3,6.0,1.9,0.0,7.9,6.8,0.0,0.0,6.8,14.7,0.2,0.0,0.0,0.2,0.2,0.0,0.0,0.2,0.4
0.0,0.0,994.4,375.8,1370.2,561.7,69.0,0.0,630.7,2000.9,2.2,0.3,0.0,2.5,3.1,0.9,0.0,4.0,6.5,0.1,0.0,0.0,0.1,0.1,0.0,0.0,0.1,0.2
0.0,0.0,1937.4,1015.3,2952.7,184.2,75.8,0.0,260.0,3212.7,4.2,0.9,0.0,5.1,0.6,0.1,0.0,0.7,5.8,0.1,0.0,0.0,0.1,0.0,0.0,0.0,0.0,0.2
0.0,0.0,1249.9,376.9,1626.8,894.9,54.6,0.0,949.6,2576.3,2.7,0.3,0.0,3.1,6.5,0.3,0.0,7.9,22.1,0.1,0.0,0.0,0.1,0.2,0.0,0.0,0.3,0.7
0.0,0.0,1028.2,920.0,1948.1,980.6,83.5,0.0,1064.1,3012.2,2.2,0.8,0.0,3.1,7.6,0.1,0.0,7.7,10.7,0.1,0.0,0.0,0.1,0.2,0.0,0.0,0.2,0.3
0.0,0.0,2156.9,1477.8,3634.6,1638.8,123.5,0.0,1762.3,5397.0,4.7,1.3,0.0,6.0,2.0,0.1,0.0,2.1,8.1,0.1,0.0,0.0,0.2,0.2,0.0,0.0,0.2,0.3
224388.0,0.0,5296.4,11053.1,16349.5,0.0,307.6,0.0,307.6,16657.1,11.8,14.0,0.0,25.8,0.0,0.3,0.0,0.3,26.0,0.4,0.2,0.0,0.6,0.0,0.0,0.0,0.0,0.6
224388.0,0.0,73885.6,53973.7,127859.2,10190.3,3801.2,0.0,13991.5,141850.7,160.3,53.2,0.0,213.5,26.2,1.6,0.0,27.7,241.2,4.7,0.8,0.0,5.5,0.8,0.1,0.0,0.9,6.4
0.0,0.0,9355.2,7348.8,16704.0,2323.7,838.2,0.0,3162.0,19865.9,20.3,7.7,0.0,28.0,6.5,0.3,0.0,7.9,22.1,0.6,0.3,0.0,0.8,0.2,0.0,0.0,0.3,0.7
0.0,0.0,40862.0,22614.5,63476.4,8028.4,645.8,0.0,8674.2,72150.7,88.4,28.7,0.0,117.1,20.1,1.6,0.0,21.7,138.8,2.6,0.4,0.0,3.0,0.9,0.1,0.0,0.9,3.9
0.0,0.0,3325.7,1401.9,4727.7,1068.6,188.3,0.0,1256.9,5984.6,7.2,1.8,0.0,9.0,6.5,0.3,0.0,7.9,22.1,0.2,0.0,0.0,0.2,0.2,0.0,0.0,0.3,0.7
0.0,0.0,711.7,192.7,904.3,70.5,85.7,0.0,156.2,1060.5,1.5,0.2,0.0,1.7,6.5,0.3,0.0,7.9,22.1,0.0,0.0,0.0,0.0,0.2,0.0,0.0,0.3,0.7
0.0,0.0,1366.5,827.8,2194.3,1301.9,63.5,0.0,1365.3,3559.7,3.0,1.0,0.0,4.1,6.9,0.1,0.0,7.0,11.1,0.1,0.0,0.0,0.1,0.3,0.0,0.0,0.3,0.4
0.0,0.0,2584.0,2665.1,5249.1,0.0,640.9,1.7,642.6,5891.7,5.6,3.4,0.0,9.0,6.5,0.3,0.0,7.9,22.1,0.2,0.0,0.0,0.2,0.2,0.0,0.0,0.3,0.7
0.0,0.0,2669.5,1181.9,3851.4,2044.1,82.8,0.0,2127.0,5978.4,5.8,1.4,0.0,7.2,10.9,0.1,0.0,11.0,18.2,0.2,0.0,0.0,0.2,0.3,0.0,0.0,0.3,0.5
0.0,0.0,4531.4,3058.5,7589.9,896.1,43.9,0.0,940.0,8529.9,9.9,3.9,0.0,13.8,6.5,0.3,0.0,7.9,22.1,0.3,0.1,0.0,0.3,0.2,0.0,0.0,0.3,0.7
0.0,0.0,56050.7,31942.3,87993.0,13409.6,1751.0,1.7,15162.3,103155.3,121.5,40.3,0.0,161.8,37.9,1.8,0.0,39.8,201.6,3.5,0.6,0.0,4.1,1.4,0.1,0.0,1.5,5.6
0.0,0.0,11454.5,6933.0,18387.5,1762.3,625.3,0.0,2387.6,20775.1,24.8,5.6,0.0,30.4,9.0,0.3,0.0,9.3,39.7,0.7,0.2,0.0,1.0,0.3,0.0,0.0,0.3,1.3
0.0,0.0,6793.1,6846.6,13639.7,87.1,1175.2,115.6,1377.9,15017.6,14.7,5.4,0.0,20.1,0.2,3.5,0.0,3.7,23.8,0.4,0.2,0.0,0.6,0.0,0.0,0.0,0.1,0.6
240190.0,115696.0,636190.1,374659.8,1010849.9,99678.5,50831.3,162.7,150672.5,1161522.4,1377.7,372.0,0.1,1749.7,298.2,55.6,0.0,353.8,2103.5,40.0,8.4,0.0,48.4,10.7,2.1,0.0,12.8,61.3
0.0,0.0,13446.2,7915.9,21362.1,1659.5,695.6,0.0,2355.2,23717.2,29.1,6.8,0.0,35.9,7.0,0.9,0.0,7.9,43.8,0.8,0.2,0.0,1.0,0.2,0.0,0.0,0.2,1.3
0.0,0.0,16734.3,7341.6,24075.8,2649.7,599.9,0.0,3249.6,27325.4,36.2,6.5,0.0,42.7,6.8,0.2,0.0,6.9,49.6,1.1,0.1,0.0,1.2,0.5,0.0,0.0,0.5,1.7
0.0,485922.0,35590.5,16094.0,51684.5,6205.8,1415.4,0.0,7621.2,59305.7,77.0,20.3,0.3,97.6,26.9,2.5,0.0,29.4,127.0,2.2,0.3,0.1,2.6,1.0,0.1,0.0,1.1,3.7
9604.0,183920.0,38831.3,15910.8,54742.1,10243.8,5849.8,0.0,16093.5,70835.7,84.1,13.5,0.1,97.7,35.8,8.3,0.0,44.1,141.8,2.4,0.4,0.0,2.9,1.3,0.4,0.0,1.7,4.6
0.0,0.0,42099.2,19859.3,61958.5,5317.7,4276.8,0.0,9594.5,71553.0,91.1,23.5,0.0,114.6,26.0,4.6,0.0,30.7,145.3,2.6,0.5,0.0,3.1,0.9,0.3,0.0,1.2,4.3
0.0,0.0,2391.5,1153.2,3544.7,420.6,708.3,0.0,1128.9,4673.6,5.2,1.0,0.0,6.2,6.5,0.3,0.0,7.9,22.1,0.2,0.0,0.0,0.2,0.2,0.0,0.0,0.3,0.7
0.0,0.0,2358.8,814.5,3173.3,978.7,76.5,0.0,1055.2,4228.5,5.1,0.9,0.0,6.0,0.0,0.1,0.0,0.1,6.1,0.1,0.0,0.0,0.2,0.0,0.0,0.0,0.0,0.2
0.0,0.0,418.4,147.2,565.6,661.3,112.5,0.0,773.7,1339.4,0.9,0.1,0.0,1.0,3.9,0.2,0.0,4.0,5.1,0.0,0.0,0.0,0.0,0.2,0.0,0.0,0.2,0.2
0.0,0.0,1124.5,1136.5,2261.0,1072.3,1191.4,0.0,2263.7,4524.6,2.4,1.4,0.0,3.9,5.1,1.9,0.0,7.0,10.9,0.1,0.0,0.0,0.1,0.1,0.1,0.0,0.2,0.3
0.0,0.0,1476.2,894.2,2370.3,2272.5,137.2,0.0,2409.7,4780.0,3.2,0.8,0.0,4.0,10.3,0.2,0.0,10.5,14.5,0.1,0.0,0.0,0.1,0.2,0.0,0.0,0.2,0.3
0.0,0.0,1765.0,1052.2,2817.2,1525.4,129.8,0.0,1655.2,4472.4,3.8,0.9,0.0,4.8,6.5,0.1,0.0,6.7,11.4,0.1,0.0,0.0,0.1,0.1,0.0,0.0,0.1,0.3
2035.0,121524.0,920.8,599.9,1520.7,909.8,86.5,0.0,996.3,2517.0,2.0,0.7,0.1,2.7,4.9,0.3,0.0,5.1,7.9,0.1,0.0,0.0,0.1,0.1,0.0,0.0,0.1,0.2
0.0,0.0,898.4,855.0,1753.4,617.4,82.2,0.0,699.6,2453.0,1.9,1.1,0.0,3.0,3.2,0.1,0.0,3.3,6.3,0.1,0.0,0.0,0.1,0.1,0.0,0.0,0.1,0.2
2035.0,121524.0,53452.8,26512.0,79964.7,13775.6,6801.2,0.0,20576.8,100541.5,115.7,30.5,0.1,146.3,59.9,7.5,0.0,67.3,213.6,3.4,0.6,0.0,4.0,1.8,0.4,0.0,2.2,6.2
0.0,0.0,26795.3,10340.5,37135.8,0.0,3018.7,3716.6,6735.3,43871.1,58.0,12.9,0.0,70.9,6.5,0.3,0.0,7.9,22.1,1.7,0.2,0.0,1.9,0.2,0.0,0.0,0.3,0.7
0.0,0.0,709.3,460.9,1170.2,429.3,38.6,0.0,468.0,1638.2,1.5,0.4,0.0,2.0,2.3,0.0,0.0,2.3,4.3,0.0,0.0,0.0,0.1,0.1,0.0,0.0,0.1,0.1
0.0,0.0,702.8,94.6,797.4,626.4,95.9,1.4,723.7,1521.1,1.5,0.1,0.0,1.6,2.0,0.0,0.0,2.0,3.6,0.0,0.0,0.0,0.0,0.1,0.0,0.0,0.1,0.1
0.0,0.0,470.1,198.2,668.3,412.5,74.7,0.0,487.2,1155.5,1.0,0.2,0.0,1.2,2.0,0.1,0.0,2.1,3.3,0.0,0.0,0.0,0.0,0.1,0.0,0.0,0.1,0.1
2922.0,0.0,294.9,241.2,536.1,497.6,42.6,0.0,540.2,1076.3,0.6,0.3,0.0,0.9,1.7,0.0,0.0,1.7,2.6,0.0,0.0,0.0,0.0,0.1,0.0,0.0,0.1,0.1
0.0,0.0,737.1,39.2,776.3,1233.4,127.9,0.0,1361.3,2137.6,1.6,0.0,0.0,1.6,6.3,0.1,0.0,6.4,8.0,0.0,0.0,0.0,0.0,0.2,0.0,0.0,0.2,0.2
0.0,0.0,1217.6,651.8,1869.5,462.7,75.9,0.0,538.6,2408.0,2.6,0.8,0.0,3.5,6.5,0.3,0.0,7.9,22.1,0.1,0.0,0.0,0.1,0.2,0.0,0.0,0.3,0.7
2922.0,0.0,30927.2,12026.5,42953.7,3662.0,3474.3,3718.0,10854.2,53807.9,66.9,14.8,0.0,81.7,14.2,0.3,0.0,14.5,96.2,1.9,0.2,0.0,2.2,0.4,0.0,0.0,0.5,2.6
0.0,672094.0,36322.3,24414.3,60736.6,2114.9,2818.7,0.0,4933.6,65670.2,78.6,29.4,0.4,108.4,1.7,6.9,0.0,8.6,117.0,2.3,0.6,0.1,2.9,0.1,0.1,0.0,0.2,3.2
0.0,0.0,1050.9,1703.1,2754.0,1179.4,57.6,0.0,1237.0,3991.0,2.4,1.5,0.0,3.9,6.5,0.3,0.0,7.9,22.1,0.1,0.0,0.0,0.1,0.2,0.0,0.0,0.3,0.7
0.0,0.0,1484.7,801.1,2285.8,796.9,185.2,0.0,982.1,3267.9,3.2,0.7,0.0,3.9,3.6,0.4,0.0,3.9,7.9,0.1,0.0,0.0,0.1,0.1,0.0,0.0,0.1,0.2
0.0,0.0,545.6,610.2,1155.8,52.8,803.2,0.0,856.0,2011.9,1.2,0.5,0.0,1.7,0.1,2.6,0.0,2.7,4.4,0.0,0.0,0.0,0.0,0.0,0.0,0.0,0.0,0.1
0.0,0.0,2080.9,2157.4,4238.3,702.3,34.0,0.0,736.3,4974.6,4.5,1.9,0.0,6.5,3.8,0.0,0.0,3.9,10.3,0.1,0.0,0.0,0.2,0.2,0.0,0.0,0.2,0.3
0.0,0.0,1019.2,669.2,1688.4,36.0,1089.3,0.0,1125.3,2813.7,2.2,0.8,0.0,3.0,0.1,3.7,0.0,3.8,6.8,0.1,0.0,0.0,0.1,0.0,0.1,0.0,0.1,0.2
0.0,0.0,709.2,467.1,1176.3,524.6,77.2,0.0,601.8,1778.1,1.5,0.4,0.0,2.0,6.5,0.3,0.0,7.9,22.1,0.0,0.0,0.0,0.1,0.2,0.0,0.0,0.3,0.7
0.0,672094.0,43212.8,30822.5,74035.4,5406.8,5065.2,0.0,10472.1,84507.4,93.6,35.4,0.4,129.4,9.3,13.6,0.0,22.9,152.3,2.7,0.7,0.1,3.5,0.4,0.3,0.0,0.7,4.2
0.0,0.0,538.0,282.7,820.8,0.0,33.3,0.0,33.3,854.0,1.2,0.2,0.0,1.4,6.5,0.3,0.0,7.9,22.1,0.0,0.0,0.0,0.1,0.2,0.0,0.0,0.3,0.7
0.0,0.0,12697.0,6281.0,18977.9,2467.5,1165.1,0.0,3632.6,22610.5,27.5,5.3,0.0,32.8,6.5,0.3,0.0,7.9,22.1,0.8,0.2,0.0,1.0,0.2,0.0,0.0,0.3,0.7
0.0,0.0,14630.0,8260.8,22890.9,24261.8,234.9,0.0,24496.7,47387.6,31.7,10.5,0.0,42.1,85.0,0.8,0.0,85.8,127.9,0.9,0.2,0.0,1.1,4.9,0.0,0.0,4.9,6.0
0.0,0.0,12928.5,6016.5,18945.0,2076.4,1035.1,0.0,3111.5,22056.5,28.0,5.4,0.0,33.4,9.7,6.8,0.0,16.5,49.9,0.8,0.1,0.0,0.9,0.3,0.2,0.0,0.5,1.4
0.0,0.0,26255.8,3645.7,29901.5,563.0,6430.9,0.0,6993.9,36895.3,56.8,3.3,0.0,60.1,1.4,23.4,0.0,24.8,84.9,1.7,0.1,0.0,1.7,0.1,2.3,0.0,2.4,4.1
0.0,0.0,994.3,1067.7,2062.0,0.0,112.3,0.0,112.3,2174.2,2.2,0.7,0.0,2.8,6.5,0.3,0.0,7.9,22.1,0.1,0.0,0.0,0.1,0.2,0.0,0.0,0.3,0.7
0.0,0.0,1670.4,616.7,2287.1,1158.7,100.5,0.0,1259.2,3546.3,3.6,0.6,0.0,4.2,4.2,0.1,0.0,4.3,8.5,0.1,0.0,0.0,0.1,0.1,0.0,0.0,0.1,0.3
0.0,0.0,1732.1,880.9,2613.1,1302.0,201.2,0.0,1503.1,4116.2,3.7,0.8,0.0,4.5,1.9,0.2,0.0,2.1,6.6,0.1,0.0,0.0,0.1,0.1,0.0,0.0,0.1,0.2
0.0,0.0,2181.8,1825.2,4006.9,709.4,90.1,0.0,799.5,4806.4,4.7,1.6,0.0,6.4,4.2,0.0,0.0,4.2,10.6,0.1,0.0,0.0,0.2,0.2,0.0,0.0,0.2,0.4
0.0,89300.0,220.2,35.8,256.0,587.1,37.9,0.0,624.9,880.9,0.5,0.0,0.0,0.6,2.7,0.1,0.0,2.7,3.3,0.0,0.0,0.0,0.0,0.1,0.0,0.0,0.1,0.1
0.0,89300.0,33054.7,8071.9,41126.6,4320.1,6972.8,0.0,11292.8,52419.4,71.6,7.0,0.0,78.6,14.3,23.8,0.0,38.1,116.7,2.1,0.1,0.0,2.2,0.6,2.3,0.0,2.9,5.1
0.0,0.0,21377.1,13189.9,34567.0,3727.1,1095.8,0.0,4822.9,39389.9,46.3,11.3,0.0,57.6,20.8,1.0,0.0,21.7,79.3,1.3,0.3,0.0,1.7,0.9,0.0,0.0,0.9,2.6
0.0,0.0,21920.8,16787.3,38708.1,2327.0,197.8,0.0,2524.8,41232.9,47.4,13.8,0.0,61.2,10.7,0.2,0.0,10.9,72.2,1.4,0.5,0.0,1.9,0.4,0.0,0.0,0.4,2.3
0.0,0.0,11468.0,4935.9,16403.9,1586.9,1035.7,0.0,2622.5,19026.5,24.2,5.1,0.0,29.3,6.5,0.3,0.0,7.9,22.1,0.7,0.1,0.0,0.8,0.2,0.0,0.0,0.3,0.7
0.0,0.0,33010.8,14782.5,47793.4,9248.1,2193.6,0.0,11441.7,59235.1,71.5,13.2,0.0,84.6,6.5,0.3,0.0,7.9,22.1,2.1,0.3,0.0,2.4,0.2,0.0,0.0,0.3,0.7
14561.0,1552760.0,393820.0,195231.8,589051.8,93618.1,37865.3,3718.0,135201.4,724253.2,851.9,199.5,0.8,1052.3,300.4,65.8,0.0,366.2,1418.4,24.7,4.3,0.2,29.3,12.6,3.8,0.0,16.4,45.7
0.0,0.0,102563.9,72714.9,175278.8,911.8,1166.3,0.0,2078.2,177357.0,222.0,89.4,0.0,311.4,6.5,0.3,0.0,7.9,22.1,6.4,1.5,0.0,8.0,0.2,0.0,0.0,0.3,0.7
0.0,5504.0,34562.3,17573.5,52135.7,3408.7,1216.2,0.0,4624.8,56760.5,74.8,14.3,0.0,89.1,15.7,2.0,0.0,17.7,106.9,2.2,0.3,0.0,2.5,0.4,0.1,0.0,0.5,3.0
0.0,0.0,26174.1,19901.2,46075.3,3898.2,827.0,0.0,4725.2,50800.5,56.7,17.7,0.0,74.3,8.0,0.1,0.0,8.1,82.4,1.6,0.3,0.0,2.0,0.2,0.0,0.0,0.2,2.2
0.0,0.0,10216.0,5742.2,15958.2,3752.5,561.7,0.0,4314.2,20272.4,22.1,7.3,0.0,29.4,9.9,0.6,0.0,10.6,40.0,0.6,0.1,0.0,0.7,0.2,0.0,0.0,0.3,1.0
0.0,0.0,27402.9,17647.7,45050.5,3310.4,923.5,0.0,4233.9,49284.4,59.3,17.8,0.0,77.1,6.5,0.3,0.0,7.9,22.1,1.7,0.6,0.0,2.4,0.2,0.0,0.0,0.3,0.7
0.0,0.0,37401.7,35195.4,72597.1,13662.7,2932.0,0.0,16594.7,89191.8,81.0,31.4,0.0,112.4,68.7,4.8,0.0,73.4,185.8,2.4,0.9,0.0,3.3,1.9,0.2,0.0,2.2,5.4
0.0,0.0,17721.3,8409.2,26130.5,2864.6,717.1,0.0,3581.7,29712.2,38.4,7.6,0.0,46.0,11.8,0.2,0.0,12.1,58.0,1.1,0.1,0.0,1.2,0.1,0.0,0.0,0.1,1.4
0.0,0.0,43983.5,26360.7,70344.2,6443.3,4867.0,0.0,11310.3,81654.6,95.3,33.4,0.0,128.7,6.5,0.3,0.0,7.9,22.1,2.8,0.5,0.0,3.3,0.2,0.0,0.0,0.3,0.7
0.0,0.0,2460.6,186.5,2647.1,1257.9,202.7,0.0,1460.6,4107.7,5.3,0.2,0.0,5.6,6.5,0.3,0.0,7.9,22.1,0.2,0.0,0.0,0.2,0.2,0.0,0.0,0.3,0.7
0.0,0.0,1608.0,1214.0,2821.9,1128.4,51.7,0.0,1180.1,4002.1,3.5,1.1,0.0,4.6,4.8,0.1,0.0,4.9,9.5,0.1,0.0,0.0,0.1,0.1,0.0,0.0,0.1,0.3
0.0,0.0,1439.8,1051.5,2491.3,1021.6,63.7,0.0,1085.3,3576.5,3.1,1.3,0.0,4.4,6.5,0.3,0.0,7.9,22.1,0.1,0.0,0.0,0.1,0.2,0.0,0.0,0.3,0.7
0.0,0.0,1357.2,1203.5,2560.7,1015.2,74.5,162.1,1251.8,3812.6,2.9,1.1,0.0,4.0,5.7,0.1,1.2,6.9,11.0,0.1,0.0,0.0,0.1,0.2,0.0,0.0,0.3,0.4
0.0,0.0,387.0,143.8,530.8,902.6,81.7,0.0,984.3,1515.1,0.8,0.2,0.0,1.0,6.5,0.3,0.0,7.9,22.1,0.0,0.0,0.0,0.0,0.2,0.0,0.0,0.3,0.7
0.0,0.0,1079.0,1277.6,2356.6,30.6,127.4,1132.2,1290.2,3646.8,2.4,1.2,0.0,3.5,0.1,0.4,6.3,6.8,10.3,0.1,0.0,0.0,0.1,0.0,0.0,0.2,0.2,0.3
0.0,0.0,1392.6,1854.9,3247.5,727.0,111.3,0.0,838.3,4085.9,3.0,1.7,0.0,4.7,6.5,0.3,0.0,7.9,22.1,0.1,0.0,0.0,0.1,0.2,0.0,0.0,0.3,0.7
0.0,0.0,1399.3,6216.8,7616.2,675.2,43.9,0.0,719.1,8335.3,3.0,5.6,0.0,8.7,6.5,0.3,0.0,7.9,22.1,0.1,0.1,0.0,0.2,0.2,0.0,0.0,0.3,0.7
0.0,0.0,55107.2,39509.2,94616.4,13201.7,5624.1,1294.3,20120.1,114736.5,119.4,45.8,0.0,165.1,10.6,0.6,7.5,18.6,183.8,3.5,0.7,0.0,4.2,0.4,0.0,0.2,0.6,4.7
0.0,0.0,39869.9,11547.0,51416.9,2418.0,55.4,0.0,2473.5,53890.4,86.3,15.2,0.0,101.5,6.5,0.3,0.0,7.9,22.1,2.5,1.3,0.0,3.8,0.2,0.0,0.0,0.3,0.7
0.0,2834000.0,20760.6,7716.2,28476.8,2932.1,1070.2,0.0,4002.3,32479.1,44.9,6.9,1.5,53.4,24.9,0.7,0.0,25.6,78.9,1.3,0.1,0.4,1.8,0.8,0.0,0.0,0.8,2.6
0.0,0.0,28497.4,18070.3,46567.6,2877.9,635.2,0.0,3513.1,50080.7,61.7,16.0,0.0,77.7,18.8,0.6,0.0,19.4,97.0,1.8,0.3,0.0,2.1,0.7,0.0,0.0,0.7,2.8
0.0,0.0,20898.8,23363.7,44262.5,8888.5,1403.0,0.0,10291.5,54554.0,45.2,20.8,0.0,66.0,6.5,0.3,0.0,7.9,22.1,1.3,0.4,0.0,1.7,0.2,0.0,0.0,0.3,0.7
0.0,0.0,637.7,553.8,1191.5,673.4,61.0,0.0,734.5,1925.9,1.4,0.5,0.0,1.9,6.5,0.3,0.0,7.9,22.1,0.0,0.0,0.0,0.0,0.2,0.0,0.0,0.3,0.7
0.0,0.0,2061.2,1851.1,3912.4,819.5,97.3,0.0,916.8,4829.2,4.5,1.7,0.0,6.2,3.8,0.1,0.0,4.0,10.2,0.1,0.0,0.0,0.2,0.1,0.0,0.0,0.1,0.3
0.0,0.0,2008.3,1028.8,3037.1,1035.3,100.3,0.0,1135.5,4172.6,4.3,1.3,0.0,5.7,4.7,0.1,0.0,4.8,10.4,0.1,0.0,0.0,0.1,0.1,0.0,0.0,0.1,0.3
0.0,0.0,1963.9,1290.4,3254.4,1406.1,185.9,0.0,1592.0,4846.3,4.3,1.6,0.0,5.9,6.5,0.3,0.0,7.9,22.1,0.1,0.0,0.0,0.1,0.2,0.0,0.0,0.3,0.7
0.0,0.0,2727.9,1553.0,4280.9,1060.9,0.0,0.0,1060.9,5341.9,5.9,1.4,0.0,7.3,4.2,0.0,0.0,4.2,11.5,0.2,0.0,0.0,0.2,0.1,0.0,0.0,0.1,0.3
0.0,0.0,30297.8,29640.9,59938.7,13883.7,1847.5,0.0,15731.2,75670.0,65.6,27.3,0.0,93.0,12.7,0.2,0.0,13.0,106.0,1.9,0.5,0.0,2.4,0.3,0.0,0.0,0.3,2.7
0.0,0.0,37408.3,31906.7,69314.9,4344.9,926.5,0.0,5271.4,74586.3,81.0,25.6,0.0,106.6,13.9,0.8,0.0,14.7,121.3,2.4,1.1,0.0,3.4,0.9,0.0,0.0,0.9,4.4
0.0,847023.0,31195.8,14334.0,45529.9,1635.6,14455.5,0.0,16091.0,61620.9,67.5,12.8,0.5,80.8,4.8,46.0,0.0,50.9,131.7,2.0,0.2,0.1,2.3,0.4,1.8,0.0,2.3,4.6
0.0,0.0,804.1,679.9,1484.0,0.0,956.4,0.0,956.4,2440.4,1.7,0.9,0.0,2.6,0.0,4.9,0.0,4.9,7.5,0.1,0.0,0.0,0.1,0.0,0.1,0.0,0.1,0.2
0.0,0.0,988.6,806.7,1795.3,739.5,71.0,0.0,810.5,2605.8,2.1,1.0,0.0,3.1,3.8,0.1,0.0,3.9,7.0,0.1,0.0,0.0,0.1,0.1,0.0,0.0,0.1,0.2
0.0,0.0,1342.8,1287.0,2629.8,895.5,262.4,0.0,1157.9,3787.8,2.9,1.6,0.0,4.5,3.8,0.5,0.0,4.3,8.8,0.1,0.0,0.0,0.1,0.1,0.0,0.0,0.2,0.3
0.0,0.0,1215.3,1288.3,2503.6,207.8,53.6,0.0,261.4,2765.0,2.6,1.6,0.0,4.3,1.9,0.0,0.0,1.9,6.2,0.1,0.0,0.0,0.1,0.1,0.0,0.0,0.1,0.2
0.0,0.0,2180.6,1395.4,3576.0,925.1,113.0,0.0,1038.1,4614.1,4.7,1.0,0.0,5.7,3.8,0.1,0.0,3.9,9.7,0.1,0.0,0.0,0.2,0.1,0.0,0.0,0.1,0.2
0.0,0.0,727.0,259.8,986.8,912.1,46.2,0.0,958.3,1945.0,1.6,0.3,0.0,1.9,3.9,0.0,0.0,3.9,5.8,0.0,0.0,0.0,0.1,0.3,0.0,0.0,0.3,0.3
0.0,847023.0,38454.2,20051.2,58505.4,5315.6,15958.0,0.0,21273.6,79779.0,83.2,19.3,0.5,103.0,22.0,51.7,0.0,73.7,176.7,2.4,0.3,0.1,2.9,1.1,2.0,0.0,3.1,5.9
0.0,3686527.0,506437.5,335625.5,842063.0,76782.8,34460.8,1294.3,112537.8,954600.8,1096.4,341.5,2.0,1439.9,217.1,62.3,7.5,286.9,1726.8,31.9,8.4,0.5,40.7,7.0,2.4,0.2,9.6,50.3
0.0,0.0,20641.7,27662.9,48304.6,2912.8,62.8,0.0,2975.6,51280.2,44.7,44.1,0.0,88.7,13.1,0.4,0.0,13.4,102.2,1.3,19.5,0.0,20.8,0.4,0.0,0.0,0.5,21.2
0.0,196.5,47586.9,30469.6,78056.5,6872.5,2256.4,0.0,9128.8,87185.3,103.0,27.4,0.0,130.4,37.5,3.3,0.0,40.8,171.2,3.0,0.5,0.0,3.5,1.5,0.1,0.0,1.7,5.1
0.0,0.0,19694.9,12306.2,32001.1,1589.2,692.7,0.0,2281.9,34283.1,42.6,11.2,0.0,53.9,6.5,0.3,0.0,7.9,22.1,1.2,0.6,0.0,1.9,0.2,0.0,0.0,0.3,0.7
0.0,0.0,64542.0,60570.6,125112.5,0.0,5620.7,0.0,5620.7,130733.2,139.7,86.5,0.0,226.3,6.5,0.3,0.0,7.9,22.1,4.1,22.1,0.0,26.1,0.2,0.0,0.0,0.3,0.7
0.0,0.0,29087.3,14371.4,43458.7,5043.3,3255.9,0.0,8299.2,51757.9,63.0,18.0,0.0,80.9,6.5,0.3,0.0,7.9,22.1,1.8,0.3,0.0,2.1,0.2,0.0,0.0,0.3,0.7
0.0,0.0,29526.9,22235.3,51762.2,2036.5,1099.6,0.0,3136.1,54898.3,63.9,29.6,0.0,93.5,8.8,0.4,0.0,9.2,102.7,1.9,4.6,0.0,6.5,0.4,0.0,0.0,0.4,6.8
0.0,0.0,34513.0,21702.2,56215.2,7136.7,2086.0,0.0,9222.8,65437.9,74.7,21.8,0.0,96.5,6.5,0.3,0.0,7.9,22.1,2.2,0.4,0.0,2.5,0.2,0.0,0.0,0.3,0.7
0.0,0.0,75486.3,45707.3,121193.6,11952.3,3758.1,0.0,15710.4,136904.0,163.4,57.9,0.0,221.3,58.3,2.7,0.0,61.0,282.3,4.7,0.8,0.0,5.6,2.9,0.0,0.0,3.0,8.6
0.0,4398330.0,18149.5,8874.4,27023.9,2002.6,707.6,0.0,2710.2,29734.1,39.3,10.6,0.0,49.9,6.5,0.3,0.0,7.9,22.1,1.1,0.2,0.0,1.3,0.2,0.0,0.0,0.3,0.7
0.0,187031.0,18087.0,11158.8,29245.8,0.0,2888.7,0.0,2888.7,32134.6,39.2,12.4,0.1,51.6,6.5,0.3,0.0,7.9,22.1,1.1,0.6,0.0,1.7,0.2,0.0,0.0,0.3,0.7
0.0,0.0,24615.1,25945.7,50560.8,911.7,4532.8,0.0,5444.6,56005.4,54.6,29.2,0.0,83.9,1.6,3.2,0.0,4.7,88.6,1.7,0.8,0.0,2.5,0.1,0.1,0.0,0.3,2.7
0.0,0.0,330.9,943.3,1274.2,684.9,77.8,0.0,762.7,2036.9,0.7,1.2,0.0,1.9,3.6,0.1,0.0,3.6,5.5,0.0,0.0,0.0,0.0,0.1,0.0,0.0,0.1,0.1
0.0,0.0,2133.1,1193.7,3326.9,993.4,104.4,0.0,1097.8,4424.6,4.6,1.1,0.0,5.7,6.5,0.3,0.0,7.9,22.1,0.1,0.0,0.0,0.2,0.2,0.0,0.0,0.3,0.7
0.0,0.0,5030.2,3022.9,8053.1,1628.5,206.2,0.0,1834.7,9887.8,10.9,2.5,0.0,13.4,6.5,0.1,0.0,6.6,20.0,0.3,0.1,0.0,0.4,0.1,0.0,0.0,0.1,0.4
0.0,0.0,583.3,283.4,866.7,449.2,74.7,0.0,523.9,1390.6,1.3,0.3,0.0,1.5,6.5,0.3,0.0,7.9,22.1,0.0,0.0,0.0,0.0,0.2,0.0,0.0,0.3,0.7
0.0,0.0,610.4,460.4,1070.8,777.2,156.9,0.0,934.1,2005.0,1.3,0.4,0.0,1.7,6.5,0.3,0.0,7.9,22.1,0.0,0.0,0.0,0.0,0.2,0.0,0.0,0.3,0.7
0.0,0.0,2461.9,2016.0,4478.0,1683.5,148.9,0.0,1832.5,6310.4,5.3,2.6,0.0,7.9,6.5,0.3,0.0,7.9,22.1,0.2,0.0,0.0,0.2,0.2,0.0,0.0,0.3,0.7
0.0,0.0,971.3,1164.5,2135.8,2316.1,72.4,0.0,2388.5,4524.2,2.1,1.9,0.0,4.0,12.9,0.0,0.0,12.9,16.9,0.1,1.1,0.0,1.1,0.3,0.0,0.0,0.3,1.5
0.0,0.0,36736.4,35029.8,71766.2,9444.6,5374.1,0.0,14818.7,86584.9,80.9,39.1,0.0,120.0,24.6,3.3,0.0,27.9,147.9,2.4,2.0,0.0,4.4,0.6,0.1,0.0,0.7,5.2
0.0,112500.0,25876.2,15933.9,41810.1,4057.4,961.1,0.0,5018.5,46828.7,56.0,14.7,0.1,70.8,18.0,0.8,0.0,18.8,89.6,1.6,0.5,0.0,2.2,0.7,0.0,0.0,0.7,2.9
6000.0,0.0,44704.4,27737.3,72441.7,6956.1,1508.2,0.0,8464.3,80906.0,96.8,34.3,0.0,131.1,17.7,1.6,0.0,19.3,150.4,2.8,0.6,0.0,3.4,1.0,0.0,0.0,1.0,4.4
0.0,173213.4,31014.0,20217.6,51231.6,4320.5,1615.5,0.0,5935.9,57167.6,67.1,29.5,0.1,96.7,19.9,0.7,0.0,20.6,117.3,1.9,8.6,0.0,10.6,0.7,0.0,0.0,0.7,11.3
0.0,0.0,10377.3,8612.0,18989.3,2582.7,807.8,0.0,3390.4,22379.7,22.7,7.5,0.0,30.2,9.9,0.3,0.0,10.2,40.4,0.7,0.2,0.0,0.9,0.4,0.0,0.0,0.4,1.3
6000.0,4871270.9,506023.8,362589.2,868613.0,66907.3,32695.2,0.0,99602.5,968215.5,1097.0,444.6,0.3,1541.8,207.7,13.5,0.0,221.2,1763.1,31.9,61.4,0.1,93.4,8.7,0.4,0.0,9.1,102.5
607364.8,33798342.5,4459473.5,2834847.9,7294321.5,688097.2,337615.8,12865.8,1038578.8,8332900.3,9660.1,2999.8,15.9,12675.7,2213.8,399.0,43.3,2656.1,15331.8,281.0,130.8,3.9,415.7,81.3,15.4,1.7,98.4,514.1
